x1,x2,x3,y
-0.028271036444084574,-0.17916024502512018,-0.1189974470406252,0.4132252611110285
-0.838023242382953,1.0,-0.09176190766622638,5.103492310474728
0.4258200669664507,-1.0,0.37714694279372796,0.7415014423593342
-1.0,0.23068168237092745,-0.08846399251734316,-3.784015216121119
0.644850164485363,0.21664265207137334,-1.0,-1.876797662416371
0.5260503668167533,-0.670598723622456,0.7487700471298449,-0.1276983909166856
0.323329325879538,1.0,0.3751592688584775,7.588607492115154
0.08576291841918215,0.47428221463840803,1.0,3.5169408667148008
-0.9365656434912815,0.4205259145035376,-1.0,11.793999669175271
0.041220562934329186,-1.0,-0.14227340122912646,2.1406718140840746
-0.22508399219494213,-1.0,0.45424093934649523,1.4137022144072733
-0.45302989842128594,0.7998259326029766,0.8262743275769344,4.534193705730494
-0.7868611989191103,0.01635824686542664,0.009999615286658159,-1.929545479035075
-1.0,-0.20039854187518857,-1.0,8.060170625800794
1.0,1.0,0.09503033764543356,13.463512001024133
-0.13349092665169748,0.11000384382933626,-1.0,-2.511203165849502
-0.03965529059440387,-0.2884822060419243,-0.057503361609528625,0.8746876056352706
-0.26689105654257217,-1.0,0.613186596484564,1.5066198294490052
0.3577643299048343,0.27240314287463985,0.9926845684581098,1.0939616357898732
0.7865300462981353,-1.0,0.3553630426099954,-3.0116679034054026
-0.46674896041236646,0.23363354711473638,0.3214457063805951,-1.2584986160466796
0.8922378360716989,-0.4815373675750516,1.0,2.222525514372989
1.0,-0.4693313056173871,1.0,5.112552516591343
0.2728594308255239,0.37492392794414275,0.9516872147615145,1.5844223108638256
-0.41933160574976025,0.22235994980465268,1.0,2.2395131217634625
-0.9340115856082765,-0.9645923812855159,0.1765804883253641,7.953437585149279
1.0,-0.7160665290058583,0.04466619656540338,1.9802678184930589
0.29886506306776606,-1.0,0.6852828724901256,-0.9824321477641136
0.8041693937714458,-0.854452379832122,0.7755638978223751,-0.7566095371879434
0.2587581528470364,0.5508177338367493,-0.25045330867844795,0.7752230231487361
-1.0,1.0,-1.0,21.838789596636353
-0.21014171133063142,-1.0,0.2593502902206921,2.432211218964369
-0.5061450403449101,0.36343206841569087,0.9370030080288749,1.4388044333609558
1.0,-1.0,-1.0,-29.090264685347158
0.9110320659357349,0.20467781012178476,-0.050481939938335385,3.5377507789941913
0.14077972570168118,-0.26963929629332517,0.21144992390613093,0.9892427429068003
0.9092097054147206,-0.03483943618947061,1.0,6.578498709450754
0.6790157892279434,-1.0,-0.43011041028833996,-4.060614389682921
1.0,0.09227955290163359,0.2307530825694042,5.877018435120609
-0.5910104727186243,0.6479544374137418,-0.1516354540788838,-1.9248073389988793
-0.33193762925915005,-0.8388788482908125,-0.07597393341984882,3.2321169439973865
0.8418610667586202,-0.3045661005500102,-0.09112184687382152,1.9545144957191527
-0.6694854527919576,-1.0,0.5364527993008317,5.2927280650436925
1.0,0.32180778638416796,0.231154801336785,6.478533733616392
-1.0,-0.2133391511325371,1.0,5.073501190089488
-1.0,-0.2689680470705562,0.1641740088194923,-3.722957049987185
-0.5107138675459908,-0.09339779387729075,0.8043494434195095,0.20716935651016574
0.001785521301525872,0.20507732984249682,1.0,1.1542153019020926
0.3748547933945665,0.10172907697608258,0.4674024448786842,0.8541759985106043
-0.580444286158504,0.225824047953054,-0.18011559896518392,-0.11770367839887164
0.3972034076134925,-0.33940466720754103,0.4771304151836535,0.7281817478772602
0.4147785542142086,-0.021820636795296666,-0.2782710086330471,2.038495419799651
-0.8029321023121587,0.91992620717703,-0.37806607641180534,1.0282625236503753
0.15486351767355977,-0.9096181189539281,-0.5264120634417471,0.6914664326208603
0.8816689222790428,1.0,-0.6968361026079541,18.549777122468914
-1.0,-1.0,-1.0,3.4878289177652215
-0.10266374973121328,-0.4007023661289979,0.25343820849411136,0.8257396725940358
-1.0,-1.0,-0.6794237038204733,4.009801101800715
-0.03656295999851711,-0.43636338213206427,0.1347873168394691,0.664839230237358
0.20318549040950606,-0.41548442117239004,-0.56638516905381,1.0210391575999687
-0.09193798936596598,-0.3679357441846811,0.27019969428552026,0.6378261220094654
0.5679666478015748,-0.47001012910993833,-0.9528196034037333,-3.425441382416924
1.0,-1.0,-0.32713331444748683,-8.773046528689965
1.0,0.9991738248911164,0.7851787275115882,17.95530271635362
0.126149698730047,0.45442035307718154,0.038619236226169695,1.0958519625645056
0.2776396289344394,1.0,0.5177876753269852,7.709487274120868
-0.4660427233245237,0.6577227483462398,-0.5431135610844657,-0.7922913385356776
0.6907160711088802,-0.5145695095527008,-1.0,-6.582549967132836
-0.4378627864216975,-0.00016433153627715136,-0.6297538223152215,0.48474711453742914
0.9537134147393427,-1.0,0.43058855496656756,-5.481470633661269
0.8711209308544317,-1.0,0.9222083248570048,-6.458686266848626
0.06313383139574147,0.6962083029719324,-0.30777052754428147,0.4855778130776489
0.08703403453365777,1.0,-0.6924369626321094,9.638397926709443
-0.761602431856027,-0.5367263176036476,0.37301274158459297,1.175810972503355
1.0,0.6261370893407161,-0.6380498884009325,6.613601740649031
-0.27579618386678373,-0.18598150814593484,-0.37861128886693907,0.22467303316679615
0.13467655204338613,0.7531911365647284,0.4893266175229698,1.7594115916559474
0.6530413189447855,0.7832981944063226,0.06852247560872904,1.8130476434555596
0.42679316559726166,-0.15122471951221272,0.6904147366477889,0.4749345516648667
-0.11660991774369545,0.413755664327337,-1.0,-3.2325132527600298
0.07999515484517317,-0.011595614985653757,1.0,-0.03703230863459342
-1.0,0.9764569936647602,0.21718118307076373,3.3397165092309486
0.6598882640721482,0.8650496241214554,-0.504784687241373,4.680382040364371
0.01897520120781304,-0.8275639844692442,-1.0,-10.727017974119281
1.0,0.35990071226687426,-0.47465827780510783,5.565159380145086
0.784221787092676,0.09754036192500481,1.0,3.600171183870617
-1.0,0.4298218796342099,-0.41768229418163516,-1.182136918968133
1.0,-0.4597821521263219,-0.7626364868978988,6.2853892422097575
-0.7751561103041407,-0.938850669751701,-1.0,-3.0353888028786424
0.23412033319987624,-0.2772376008155961,-0.495633604683563,0.6418423984000182
0.032120877491369715,-0.39029280103561015,-0.7857600038948405,-0.11127215407874613
0.7382255911642204,-0.9064161895968079,1.0,-4.76189808680302
1.0,-1.0,0.9892031060056568,-8.654983981847964
-0.32751185958363993,-0.1552695221600946,0.20622857717864962,0.16355017542424063
-0.18218312794281477,-0.608549895044471,-1.0,-6.3146869299441555
0.2634159816148043,-0.7150764683925119,0.7111338757453243,-0.35094614334060814
0.806167161212564,0.614939409450018,-1.0,2.077845654684713
-0.0013136709030903138,-1.0,0.868796649512821,-3.6294097331532718
-0.3965679885947244,1.0,-1.0,1.6540167756665771
-0.07263876589372331,-0.14554898044250097,0.7833455759470529,-0.5454829049396305
-0.577041514703202,0.07989437904709162,0.7413954659195743,0.36415347018203426
-1.0,-1.0,-1.0,2.9631809100421957
1.0,1.0,1.0,25.662248096639395
0.10567429406364015,0.31721667977923573,0.12634183556851908,-0.027878972423989623
1.0,-1.0,0.8448068281304217,-5.59555606906156
0.049323675017673096,-0.8615179482501849,1.0,-3.9280148391850114
0.4161192617655953,0.9858474034155253,1.0,9.129686743583822
-0.3460911741676136,-0.17394556777104486,0.17304637843739967,0.2091657900689092
-1.0,-1.0,-0.1097081217411533,7.013071170396115
-0.13892789332455746,-0.5165993125292958,0.5228524047643357,0.8223561232609471
-0.43600575249751583,0.6677454788862622,-0.552774991952389,-0.7738091368022625
0.6339812836853616,-1.0,1.0,-6.3904617227875296
-0.21401981063592657,0.2819508544534157,-0.6863376378001953,-0.402584283441854
1.0,0.9048309638109857,-1.0,27.30875828861419
0.5535493410684291,-0.6060320723961794,0.7222065109875693,0.2504690633507404
0.2284944401101321,0.22007384276143194,-1.0,-3.771272902201613
0.3313390026575791,-0.037319833277617676,-1.0,-3.1192629542070898
-0.8133699254442068,0.8477253650671059,0.2468583543797891,-1.5718430168822908
0.45663305222494044,0.9241384914788777,-0.4448016602609879,6.306801924956417
-0.4305314653581309,-0.0832672605126692,0.3640218088681042,-0.6225438828068945
1.0,-0.08916270396230819,-0.3992171497829189,4.542216711031677
0.7375164464623563,-0.5686596931770889,0.4667426797119043,1.6170943221499683
-0.4483916744317371,0.07812968986893498,0.7303582545721314,-0.17791768271223923
-0.23367386585929073,-0.8252964575937713,-0.6335407977839167,-0.23685090806344644
-0.00814225520234646,0.48983445691565697,0.06435080723545772,0.8614492334221118
0.30019200539553825,0.1743170357656545,1.0,1.1917793702361466
0.28628885105930446,-0.763282396437766,-0.37362931491961016,1.2212167622073928
-0.2080534293122862,1.0,0.9645201083825619,13.181632778494482
-1.0,0.5833984995299974,0.14623354152393575,-3.242380000666411
-0.07751980407398529,1.0,0.8071161140946101,10.500882233845829
0.10313899042949837,-0.0781396637527847,-0.04501235931196246,0.9971070705101956
0.7829727647519313,-0.28802016875785785,1.0,0.7658096015974427
0.027858210672784267,-0.18996891534982474,-0.6142828810069527,0.46260078862998777
0.4643381445802104,0.38042667201412916,-0.34674906818056117,1.073550338048668
0.013990020583862561,0.8989081961213456,-0.5662850785243634,4.791126657988729
-0.03526688366736663,0.2568651830554016,0.19250378646945898,0.6189443946107627
-0.15870782152210472,-0.7370712592068323,0.01867135823127275,1.9526562125807132
0.40396871346501073,-0.7559046263511451,1.0,-4.615101362409449
-0.5361043739223663,0.3194576160663447,0.11895597506704325,-2.1224565316430017
-0.3222186085453398,0.20183375847178886,-0.041961181618119126,-0.42663351561402596
-0.0895985348443904,1.0,1.0,14.563576125316168
0.4236440274415738,-0.39243144334254554,-0.10816830541402922,1.4539170494745148
-0.11595450222193682,-1.0,0.01609212145467831,2.490655327159244
-0.6206960674004285,-0.7400464764484938,0.49078013879935467,1.1815311134423092
0.08046456258253998,-0.6636218414327064,0.05990476620176555,1.0899667436642202
-0.7483782796992815,1.0,0.539077041743617,3.280951988263704
1.0,0.1566764812900947,1.0,15.34439282077835
-1.0,0.34120509870557236,0.7891130116613574,-2.6272412168784625
1.0,-0.6377324391761323,0.25962424897268677,2.4180535451469813
-0.8884784264499883,-0.08538371075119588,0.3485841643862755,-2.4082330335059146
0.45022248414909205,-1.0,-0.0662106797121822,0.04738351639012023
0.9346971883627726,-0.009255677205346924,-1.0,4.213349895159207
0.7509993734156841,1.0,-0.6438657052884871,14.39445412075567
-0.7882383194813909,0.002077711388822623,-0.5128652440292003,-0.7931553155055561
-0.7353503464782585,0.12031440126544113,-0.8562100313716658,1.491930950029721
1.0,-1.0,0.4079057627691718,-7.560904713548899
0.9007065397871399,-1.0,-1.0,-29.30912785939714
-0.569710382914022,1.0,0.37204705641917735,4.607627771870332
0.4172130832134684,-0.6421623197510462,0.7137393142058024,-0.41781354630053635
1.0,-1.0,-0.8370438094565922,-17.97232698365469
-0.29691744181211277,0.08444977194042114,-1.0,-2.642437354942221
0.4743002097732547,-0.5829504236432108,-1.0,-7.265999697597759
0.041635136717288246,0.48883517548431543,0.49324015300244417,0.4582493729548334
-0.5387088714697628,-1.0,-1.0,-10.797371743648032
0.6714236673341536,-1.0,-0.36745926669364604,-2.9758570756935865
1.0,1.0,-1.0,39.92572648509825
0.24430696775460414,0.37789870426802064,-1.0,-2.6870976283211094
1.0,1.0,1.0,24.91240949900849
0.18637566153684926,0.1549569384738143,-0.3490187834026146,0.8264331989675382
0.5572531220060479,-0.032430844208533705,-0.8961724025946285,-0.12880272929561776
1.0,0.810483559415861,0.19863173467794715,10.292589712150672
0.7373025827075339,0.2566175177655592,-0.10055944802160988,1.6299931074182403
0.28735999035681603,0.6795735970675234,0.46385334618322105,1.3902490704858725
0.6739536651150351,0.7305959415906444,0.9610797560865041,7.997446207727881
0.5961213967669388,0.5641046475425973,1.0,5.390492563108141
-0.46554958395947144,-0.5257397259026533,1.0,0.13392118725858104
-1.0,1.0,0.6905242290662967,1.1073991782587231
-1.0,-1.0,1.0,22.49488526793408
1.0,0.26774922046919025,0.0008557650320757393,5.369262777907048
1.0,0.16411687297703703,-0.06327339609914451,4.901572141202504
1.0,-0.7458857781913215,-0.022660664169482203,1.5628268329861328
-0.09820045277347411,1.0,-0.6749279888081858,9.21773966894437
1.0,-0.6065912370832935,-1.0,-0.43315440230166125
0.564348235630413,1.0,-0.678543936556318,11.790212802035992
1.0,0.1302665324339396,1.0,14.817229814676285
-1.0,-1.0,-0.8493209450110282,3.029989431287972
0.3016378422920829,0.8323054824694951,0.9032884000772683,6.120549749342788
-0.8729799941187997,-0.8614558079420545,0.4068088052697534,6.311935210157139
-1.0,-0.4391910322835888,-0.21511660006672773,-1.6756903350564536
0.6963532465756395,-0.5167525475365109,0.8021683369422488,-0.1709004915669835
0.03356984711555189,-1.0,-1.0,-17.515357718257913
0.3040434962098659,-0.5203249538906543,1.0,-2.6091953016166043
0.5478221849427851,-0.4815718169366672,1.0,-3.3426019775723645
-0.8328698196320059,-0.5352465302641589,0.27317245311183536,0.5577185160052862
-0.3919944591462521,0.22175268800193848,1.0,1.9717803273953591
0.6596831193675272,0.8896455191206285,-1.0,2.6887489443234536
1.0,0.5385455100303187,-0.6656626023813799,5.9323317072900075
0.14741298013427717,0.9815541088286379,1.0,11.001366551293875
0.5876315523822837,-0.821622155575219,-0.009750913802752503,0.5266871861984648
-0.6403420185693287,-1.0,-0.9952360618981646,-8.801281621957113
-0.5266202638122541,0.633055771500227,1.0,6.223432802246185
0.5487182473280379,-0.31841518369848765,-0.08070548355878215,1.1641774292033122
-1.0,-1.0,0.6684296013848214,15.405094351040859
-0.7413125810436765,-0.5137271360606859,1.0,3.424895410806233
-0.9937588305350344,0.7340737011549356,0.8141336862850033,-0.2363990677435749
-0.059375515394243905,-0.8996331801554776,0.22208600939336876,2.135505456068074
-0.9095916869108132,0.4331069726046859,-0.505967929288577,-0.15693192371582654
-0.32396196949474265,-1.0,-1.0,-14.533547766891578
0.021354474550343783,-0.4480242467883899,-1.0,-4.992301303835816
0.22448694195082086,-0.22645002877104292,-0.9873683889196783,-2.9717170356914444
0.431723933744228,-0.16043770352723064,-0.37201607320949015,1.3812146800322906
-1.0,0.19271980330451455,-0.7185608605400762,2.0171648334566195
0.7617001380014385,0.6043973522969135,1.0,9.647522162396765
-1.0,-1.0,0.6605602547977691,14.298085223295164
0.5292968419674957,0.11683403910431212,-1.0,-3.201250287523736
-0.19769893326969412,0.5473961196764008,1.0,4.4255466778057455
1.0,-0.10417402885190552,-0.24537688894101461,3.957751815538472
-1.0,-0.14277692390579522,0.4085405515975131,-3.9459660096160536
-0.5332216190346457,0.2806620098838375,-0.30927563108148415,-0.8333018683101769
0.7876083180805651,0.44998587342442,0.15063871264407935,2.426055151896925
1.0,-1.0,1.0,-9.279396461746419
0.19503939393043668,-0.7930216823612031,0.8867348580391907,-2.442651293810212
-0.06173931800556387,1.0,-1.0,3.379284838561666
0.7333625302355122,-0.974438717763036,1.0,-8.060281472224652
0.6568464752427587,-1.0,0.23118266837526424,-1.7936381252426183
0.40101376477321216,-0.2507056020168825,-0.7187334449402327,0.793840761552178
-0.2594138856253714,0.8515281432973225,-0.9834279218957203,-3.1350562665086383
-0.19732384391211855,0.9283822613939932,-0.24053039832783973,4.458787725947273
-0.5014336522952372,0.9127481409162894,-0.8788477920275501,-1.2032476334231208
0.40611408038593155,-0.4832044965089801,0.837292085080741,-0.38637071257297995
-0.3155682578299992,0.27177762977631326,-0.16014031770715098,-0.6957692910289335
0.3821006268200384,-1.0,-0.41099512823407447,-0.2537415261084147
-0.4255705591347638,1.0,-0.2020097497330593,6.644253884156267
-0.5292473571327205,-0.9010770065624636,-0.06067943840543233,3.28662854800926
-1.0,1.0,-0.27502881417328195,10.801103916154007
-0.8717071487801644,-0.21711902269302885,0.06944750995992988,-0.7302488315471116
-0.40015107153457996,-0.26630956912176296,0.8464407796909577,-0.017656102256296324
-0.1201805476854596,-0.04545294738339556,0.03972613890382326,1.0483797742108778
-0.3233551752405006,-0.19311778359044918,0.885780306626414,0.36460330673468566
-0.8318680372404772,-0.81510946281518,1.0,7.998875794606088
0.7121113786412547,-1.0,0.29023315146528783,-2.1872833429221967
-1.0,-0.6019949477041551,0.29335774249343416,0.2094763766726666
0.18588990812204798,-0.046804302986445334,-0.2077700903510462,0.2727426382736533
0.8938980625361219,0.42910376433175146,0.21697484046946602,4.175359497568449
-0.2517642787360812,1.0,0.11639387913748545,7.073623418457074
-0.935585088596357,0.4180312941408295,-1.0,12.568483387809092
1.0,-0.7774869319237256,0.1808390063495413,0.7025787195969493
0.7044959863459586,0.38009174988860206,0.7828633373121425,3.2888720989719746
-0.07704454058413224,0.6484365221455366,-0.1936866821566925,0.9662679216673813
-0.627435062783992,-0.34093221453409317,-0.2251153339678924,0.21692861614581793
1.0,-0.1132346454674944,-1.0,6.603253353895294
1.0,-1.0,0.6369934822394565,-5.909103699538789
-0.1870023788571613,0.17007830736415652,0.19980595128826328,0.36278693568195025
0.1340920712265543,-0.4454386501743277,1.0,-2.11644116925822
0.5758750472276082,0.4941828590284545,0.392882327422881,1.0661869445779435
-0.9429941895795304,1.0,-1.0,14.389582028491663
0.31101872040442813,-0.30320346880035287,-0.04508409924566448,1.7621880540671917
-1.0,-1.0,0.48832731127573936,11.625726274193273
-0.03220798557257343,1.0,0.8591654097068364,10.911437149307115
0.2661082935065513,0.3713174918451678,0.7886399366199754,1.1660733725525576
1.0,-0.06405854408555167,1.0,10.52231196801416
-0.10950763538702835,-1.0,1.0,-6.072329644995195
-1.0,0.8322469341123166,1.0,12.854292211340775
-0.0456481674960354,0.34311841013968225,-0.6400692616640391,-0.10196211771652566
0.6875091172970105,0.4718130398490141,0.5845459396027126,2.6610704901212663
-0.6765564456748983,-1.0,0.9391343126616698,1.9311299613041193
-1.0,-0.07471924963607424,-0.6749268218427631,-0.4412946412056961
0.16408897075094164,0.41993918139803377,-1.0,-2.9027159722565345
-0.4475972119957612,-0.05796020933186674,-0.7522573973832538,0.09901940077292697
-0.5828735145372321,0.685747036995261,-0.6382006402718237,-1.1549388082924557
0.8341635692921188,1.0,-0.07651845321944761,10.195814948475082
-0.11805408511823279,0.7957701959559245,1.0,8.742403562570425
-0.17570765716405257,-0.3303106493366639,0.9364417359302797,-0.31709841204716627
0.21314334216083974,-0.09472024252457167,-0.9738621496718243,-2.5453028554717165
0.6782278047376129,-1.0,0.32379545021432987,-0.7658548875808994
-0.26758038563853015,0.7638005325316579,0.7098624344836577,2.055456734592852
-0.15464169419342744,0.22138281117403746,-0.8212327087070177,-0.3130212261950597
0.26703648885687725,1.0,-0.10657312287483744,8.868088972992169
0.6055494332604778,-0.0241105943124591,-0.1812786000685891,0.9038112947197721
-0.9098271380947127,0.6332177864385584,0.539305933178359,-3.6168629868192275
0.7674247143440174,-1.0,0.4500535388553051,-2.626878562032888
0.9616680765503278,-0.1783605067096936,-0.06691575205797928,3.544462995549296
0.3428269862909312,0.41855094937808124,-0.3306234703647666,0.42582550458238355
0.40802437907793254,0.4823931638251291,-0.180673707804885,1.4381922401079736
0.1938336510439269,1.0,-1.0,4.169686736854863
0.0886550726016353,-0.5520551168076795,1.0,-2.3098952893264424
0.5640357648615721,-1.0,1.0,-7.05409804616202
-0.8223718880633994,-0.06375389172806534,-0.40611265917449324,-1.0962551437181483
-1.0,-0.5185402902858853,1.0,9.286775782931114
-0.27242528214237627,-0.11842865254212964,0.5657670904968788,-0.3148868099133558
1.0,1.0,-0.3042507588556267,17.03116549745817
1.0,-1.0,0.6526260254021463,-6.031483015446993
-0.9464172037545664,-1.0,-1.0,1.5552629637869768
0.459005894849958,0.41724170715420494,-1.0,-2.6042787937756526
-0.04807906806724249,-0.3619483417535947,1.0,-1.4992495668275678
-0.19898794804910902,-0.288094817483318,-0.28893957295466377,0.30857381248164184
1.0,-1.0,0.2719929614928631,-7.7385242323285555
0.9959924556563589,0.49733310076409465,0.5904362825640657,11.71032803443984
-0.2780277575185306,0.03337567282160414,0.7646721551137616,-0.27388881578431423
0.41106122606029727,0.8460054222161111,0.6414712191872649,4.6470148944184535
1.0,-0.07359560254868946,-1.0,7.458621167448797
0.9930656817009875,-0.32214919651980756,-0.1927178219159451,4.257757642796624
-1.0,0.16944024593037188,-1.0,13.849195936703278
0.1086156456214511,-0.21341764942125097,0.1320705442658554,0.9216792660905433
0.14032291899029814,-1.0,1.0,-6.9875607756459255
-1.0,0.11526528145338943,0.009482392530415718,-4.17360230589048
0.7769729580635396,-0.33495323400502697,0.086929678228852,1.6525242740226924
-1.0,0.06879733839386404,0.6916708621329652,-2.5499547568429772
-0.5928562595779612,-1.0,0.1505970653375288,5.006782874087545
-0.21316141479948114,-0.3372022063689386,-0.12676933001823953,0.5637732712120366
-0.11909830323574999,0.4618782544859632,-0.6420084934793404,0.003002160113166924
-0.38314817343986274,-0.4020244949835985,0.2066231665278453,0.15784356806755845
-0.5797050667311958,-0.4614481355951432,-0.3423751596939144,1.0277455797060695
-0.9006879344919816,1.0,-0.23958038468287612,6.3677963907713
1.0,0.0998319360885156,-0.7816382682092502,7.055905728901544
1.0,-0.42648380384664986,-0.1136565010643491,3.5491492203592485
-1.0,0.2760322453606654,0.4485474415011905,-5.252104048848178
-0.36871452946022765,-0.005658394940239564,0.8749213084112526,0.3306893073315283
0.4559566446899874,-0.36733926681678986,-1.0,-5.165779642581145
-0.9709729469887873,-1.0,-0.5716924921382112,4.609922478223078
-1.0,-0.43579932069598026,-0.5917772105543788,-0.9022385653505943
-0.1292253716745273,-1.0,0.28898567588217294,1.8268815243939809
-0.8129665249266818,0.28186144492512155,-0.8216995496663833,1.345812281739721
-0.8148907222253441,-0.018929950962458975,1.0,2.7807386281371467
-0.8643352546957923,-1.0,0.10469853403382623,7.486714148985988
-1.0,0.20329906312751933,0.777621781001228,-2.3867270569144807
-1.0,0.5263463606007426,-1.0,18.13204242585767
0.6010235992050108,0.6014372537860613,-0.40295222861978686,2.405429756395671
0.13665823512492214,0.5755158365603845,0.8778280560113645,2.1016517195406754
-0.3740772829363437,-1.0,0.7223730495275409,0.19611906334591536
-0.07314208646989795,0.2116363913301098,-0.007870218305533694,0.4887592697666415
0.7145427936819275,1.0,0.536519973627718,8.703021790876008
-0.3770455258119152,0.9858791958261994,-0.4275629126360698,6.015340592807126
0.9005435014424665,-0.9018149436225877,-0.46231057866932224,-3.194812109451995
-0.4925985672049704,0.3042567967860199,-0.12379018960828247,-0.1322411857575312
-0.2260719047208697,0.9475200833104707,-0.33910811951327724,4.549031568283866
1.0,-0.6701908411589479,1.0,2.067295101735061
0.5548343517400685,1.0,0.5894634554662446,7.015308327478445
-1.0,1.0,0.8112753944470332,3.5245238185700307
0.5239257040705263,-0.23790743126707636,-0.4324383354456487,1.082344648601614
-0.5643064830385995,0.6321844694348051,-0.6110151439419564,-1.9746082163647531
-0.6720358543942249,-0.21711452995773062,-0.40631283830821996,0.32318186390267034
-0.24430237120506093,-0.38427848190664604,0.025710173970777905,1.0060429889036544
-0.098392133513449,-1.0,-0.2901407542911216,2.2014669739047914
-0.46419356575080606,0.20183331183185982,1.0,1.11479101788278
1.0,0.9107660839502787,0.37037814497199717,12.42384166684563
0.5715590033875106,-0.1452149386486581,-0.6216025221677515,0.7445648605434904
0.2170643492514608,-0.14248134372697718,1.0,-1.074040922836094
0.5890894963133262,-0.6867067884314955,-1.0,-9.572192773398385
0.5798980634212223,-0.21115965240847112,-0.5503922390147615,2.0278775301514402
0.8135059063680743,-0.7697302485796569,0.8143558339877379,-0.333770136402681
-1.0,-0.034979586355271985,-0.0750508110181427,-3.7687288325300705
1.0,-0.5707899798266873,-0.4749274679332971,4.448371673123093
-0.005274434572243525,-0.6712952164909216,0.6990186991373939,-0.7453177361778217
-0.4232828742457677,-0.026852305951845068,1.0,0.874739220135913
-0.2875366666952244,-1.0,0.803901890887913,-1.0709559233481036
1.0,-1.0,0.5333403015049376,-6.165688278103166
-0.9345056047881317,-0.6226809966093514,-0.764770859357466,1.7539726387933319
1.0,-0.6252613823929436,-0.4728807928861658,2.96641503772974
1.0,1.0,-0.993463748260615,38.17346265535458
0.09146431861880178,0.7460871647913179,0.42446029920048134,2.6155361032492497
0.08676508353264234,0.4387370160536812,0.01170136556819279,1.114452284790523
-0.9039117385698858,0.7680004669060101,-1.0,8.892603068877564
0.3990300645144289,-0.1376282872738055,0.29375628377418117,1.659829212335906
-1.0,0.617005057381377,0.1365901690049025,-2.3333631293976924
1.0,0.7739004557765332,0.46751544898488406,11.65963129006326
0.31298312563649966,0.002417691990610704,1.0,-0.2513350762332186
0.6401316501379106,-0.15742634483720153,1.0,-0.7959466085603475
-0.4310588706516578,-0.7526975465458865,-1.0,-6.876272294796502
-0.6067513994110361,0.11254184007850077,0.4143470023802094,-0.09636159711151326
-0.3310244417887771,0.6986598477476482,-0.30766851581085986,0.27381756141567104
0.08025647609486941,0.8249551397522916,-0.21615600765257703,2.528787234451025
-0.717703540289871,0.49374336903864835,-1.0,0.9097225088185671
0.5365512117125071,-0.5593388798738426,0.7748493710763109,0.3104206925519474
0.24599872864371952,-0.21511494813543353,-1.0,-4.310199280739429
0.8157493306672612,0.7722143707590563,-0.5486136128884054,3.7318704198763575
0.47492150460605154,0.011461302481077906,-0.0804942480900781,1.1677891297928338
0.6458018261400023,0.4534902289972085,-0.0035790878802623993,1.0742798423857352
0.6015898667824897,-0.2487367050857623,-0.39203340697645794,1.2147198617365795
-0.9703365610372248,0.10829063384408633,1.0,3.535849586048594
-0.8666358044945621,0.48864167021090754,-0.012632048546144192,-3.183760098681668
0.0696123268516684,-0.14034012148624764,-0.88566122688799,-0.5838379800546081
-1.0,-0.7244084229799896,0.8744531695799524,10.486693046643817
0.1334187289789024,0.49693289873936175,0.21127779587306117,0.30141526155249865
0.5413879086617845,1.0,-0.8216168739743346,11.67826711847466
-0.5812584393756477,-1.0,-1.0,-10.08394943178742
1.0,-1.0,1.0,-9.00660677413606
-1.0,0.22872786996543693,0.5855550241038119,-4.894460059743002
-0.9982332761577322,0.8820010439808388,-0.19012012671381706,5.776053716902684
0.5096260838561426,-0.30462099241754514,1.0,-2.3145847583397554
0.22899675827488197,-0.3547317182897989,-0.670764527460346,0.4061834985414846
-1.0,0.22026862387093837,1.0,2.9699844710664047
1.0,-0.026858065943300646,1.0,11.54996892450974
1.0,-0.5153052009411452,-0.22531261810118974,3.319274247982899
-0.5637816336083357,-0.736679418110439,-0.5702730493951054,1.917210007354638
-0.2178704794894657,-0.3448922146130231,0.3976495996121665,0.3443038768256101
0.222941423388753,0.5827836894886496,-0.01935083003426863,1.739138803868692
0.7054177664532255,-1.0,0.6127212662112045,-2.307143976690784
-0.7993363135406013,-0.1889898416280693,0.049127046234475724,-1.2869465595385003
-0.06667336330350815,-0.885361809879202,-0.08759259069733272,2.9944032998935333
-0.3914557738230313,-0.047692804392188703,0.17360080673096734,0.3812213254468688
-0.945437697932316,-1.0,0.33094827660267057,9.289158121911624
-0.7945542029540364,0.7256527060729185,-1.0,2.897364531871785
-0.9133226278213142,-1.0,0.20559575737326408,9.287178672718623
-0.9334337428842057,0.21533419226025163,0.4845480948129057,-3.7829330139448243
-0.7902566732440452,0.20364736449049725,1.0,2.3268988189182855
0.4512887195207871,0.1436124522864659,-0.3533323497420042,1.178171129545146
-0.0820030680283419,-0.9577480664437912,1.0,-4.810116556169678
0.3157908399538234,-0.7669234639236335,-0.7618329728109599,-1.1633451706582996
-0.5608073740942048,-0.7574938085840006,1.0,1.6449426943962469
1.0,0.17045186116497058,-0.454411875985842,4.373818033699967
-0.8229223655696989,-1.0,0.7512159903563973,7.586906591720227
0.08589813387165823,-0.030610924993959676,0.580647040110285,0.15361700244316148
1.0,0.31418741571356135,0.18736475401346042,7.048626192725978
-1.0,0.48417507947102645,-0.29958015844396724,-0.661909801475177
0.1922800570318206,0.38952460534483513,0.7255671850597076,0.6810839861114951
1.0,0.6533274885603235,-0.8768434335316739,11.220451428368092
0.936262524091279,0.19147210614238097,-0.7138191634353728,4.7625311604415135
0.5896681829088481,-0.49865510051142237,0.07839388689278026,1.3395681110749242
0.0902481835349278,1.0,0.08077494375503536,7.7284401092219985
1.0,0.7124986864651486,0.40389571169445304,9.420689145535606
-0.8597902896222427,1.0,0.9730750694766472,13.351336463069162
-0.03868854034363278,-0.20090705349790317,1.0,0.2071447667284908
0.001565461279768643,-0.9934207471885461,-0.4854997739853364,0.6816661768668743
-0.5053407315970926,0.8720338058983976,1.0,12.133323588526096
0.10013403115890918,-0.20320753451740514,-1.0,-3.337744255891401
1.0,1.0,0.14368899823236503,13.20702193323107
0.7273522291434604,0.9837778570008582,1.0,12.229084736602712
0.5534984348591927,-0.5132687183458522,-0.6184176529707279,0.8860606133161587
0.3424108232290506,0.6551144546130183,0.3281999248297147,2.2754575497650515
-0.2305494153836385,0.4987149466397347,-0.002464169314436715,-0.5424091736013147
0.9137315855984542,-0.0958923259269493,1.0,7.09829802136858
-0.19596299379635074,0.6705100727632294,-0.3959373390226584,-0.8438530475611375
-0.39208398987205784,0.834530923236009,0.09070085975580588,0.30860606803653845
-0.5607086955693115,0.8862334215791705,1.0,11.687498516854172
-0.21488711058971055,-0.9829591156599498,0.7393642255730393,-0.37742163908079096
-0.7569631813328168,-0.05883202513167807,-0.21752156269284573,-1.1245572962125725
-0.8553455171791455,-0.9078777369949347,0.1786703623062107,5.852204022339346
0.9182580316811524,0.1565497418952404,-1.0,5.116997180657676
1.0,-1.0,0.6964977624223494,-5.772223285098476
0.4709869844570378,-1.0,1.0,-7.239482550291988
0.7452291398133633,0.5225324502529491,-1.0,1.1408499306256832
0.3909802636718358,1.0,0.9339662892831457,9.33489479548902
-0.5722421108820386,-0.1368303961301176,0.79468827023215,0.9385062763902254
-0.3559417769837092,-0.24472529352563654,-0.06299423602806109,0.026503001307201013
-1.0,-0.14626665505126768,0.6422113118719697,-3.5239278443141826
0.5674901564253809,-0.8945448235357847,-1.0,-15.636460039440236
0.3675393650959051,-1.0,0.04041515308482557,0.8779318558476973
-0.09355286226318449,-0.22678153298443005,-0.9051203754566644,-1.9027408043046177
0.5543857643382,-1.0,-0.5621046266788694,-4.147676966813662
-0.03892290900394646,0.6884370921624663,0.4599090480292136,1.3042229264390515
-0.4613520864450902,0.7160268245522745,1.0,7.206891034219385
1.0,-0.6514436116932583,0.31481900803329643,2.4309282900123215
-0.48281233378120403,-1.0,-1.0,-12.121425202586583
-0.33368195948050916,0.8033404709268328,0.050687199475083045,1.0221163851580062
-0.3066651369478619,0.211321646572727,1.0,1.9814078190466031
0.601556572420824,0.1917368971241724,-0.20001168811279468,2.0005264625172083
0.7396172276655353,0.7201176220787404,0.6950660582445876,5.058021036929435
-0.13216095232939207,0.16989483485810197,0.25706765505819185,0.00766619313506774
-0.18072980443449316,1.0,-1.0,3.2494794508288734
-0.515137610363152,0.19134690727791925,0.02548866399008043,-1.189340879295294
1.0,-0.38098871043917293,-0.6503033918900132,6.01303579249534
0.20385997785541288,0.07809018850139426,-0.0066508944632641676,0.8313289189582982
1.0,0.36384005222367044,0.30371730710593803,7.293105967811487
-0.3832882601878991,-0.3172829153377479,0.15863659487414727,0.09128261856078623
0.2095311728631104,0.29197474315343697,0.4560479832204547,0.956338653112711
-0.4030850356662097,-1.0,0.3286722911721467,2.9670236731046837
-1.0,0.1350123173988329,1.0,2.8198840092963486
0.06069409173130169,-1.0,-1.0,-18.07857995300221
-0.9050388125243429,0.2589790961194647,0.2610224548337865,-3.4080963465747187
1.0,0.1502990162580542,-0.3887349672480269,4.478362636730238
0.36074898258000854,-0.0688216702833695,-1.0,-2.8814801404819184
-1.0,-0.7304201292453478,-0.8588090045515768,3.3209857505698124
-0.1208177575313163,0.7965407635320314,0.7478290955230718,3.673809294937221
0.1695209817189809,-0.4361213716716337,0.3392275986802944,0.4105555960916496
-0.3237765026393349,0.6305804892111138,0.10935694912612148,-0.12170547840688795
-1.0,-0.9347183128805472,1.0,20.169114907291654
-0.3766822552857252,0.4561425185240058,-1.0,-3.078623145324014
1.0,0.5800991867416594,1.0,23.882303349020727
-0.449594903138153,0.45406732066629507,1.0,4.055795006926518
-0.0854903698756575,0.3593469326062608,0.3603561369936614,-0.0602003831424673
0.06530905642913387,-0.5553740423418687,1.0,-2.1016313350085465
1.0,0.7419197097353347,0.6978710207680086,14.214779324426155
-0.6377504805415959,0.17723661035638005,0.42093182110370275,-1.0979213014422036
0.16279011076883876,0.8931916012322441,-0.3497061870811786,5.177421709708754
-0.12214269295015523,0.17019789599127355,0.08505234230728931,-0.15160465072087947
0.46153460506360267,1.0,-0.9522491569981364,8.052312617684375
0.36989960513814846,-0.5239927338454271,-0.6793323682473229,0.5190855257479524
0.35761076273769077,-0.004640452814268725,0.19492757609851719,1.4010673297574465
-0.3128945909975813,-0.221234754681376,-0.06777511674579673,0.6993918120647524
-0.18361756284250608,-0.8071584388050723,0.9989750654300327,-1.2200757589665763
-0.49491148417455144,0.43909950390255514,-1.0,-2.3223588326767604
-0.45914438972009686,-0.4631329182893624,0.6924286170158838,0.2914097556670885
0.6095861846866544,0.35538249379399245,0.6396198901835548,1.903653064407634
-0.8654521409727081,0.8993902832731258,-1.0,6.4207565784514316
-0.7329126153429724,0.254374426026281,-0.40169075352280603,-1.8545047149084137
-0.5557532258835443,-0.12012098430309015,-0.4585915350778753,-0.18888905738052486
-0.14170556209737661,-0.26766266303239594,-0.6831795937095553,0.4086197818060047
-0.7133170231932755,0.3805058520465019,-1.0,1.1007850378850284
1.0,-0.5248618271475372,0.41373261019583296,4.233408520406983
0.45082955876992337,0.7305077239607656,-1.0,-2.654800149034993
-0.28068432416144784,0.19206447948549266,-0.7600414468978944,-0.37068661976588546
-1.0,-0.1614292023650199,-0.13761277445763942,-3.630653693717295
-0.07440308962225473,-0.11382982525075591,0.06969692123684323,0.524483322808916
-0.3856173353110479,-0.38019710239044335,0.39482329263632887,0.14413246722001133
-0.6105370384767892,0.6407936655102948,-0.7265440164675909,-1.5292122466287223
-0.7522009216801231,0.047614970943399504,0.4980817590383879,-1.4515192441519227
0.11088089871508422,-1.0,-1.0,-18.180311041720714
-1.0,0.7092991008205143,1.0,8.937949462894343
-0.408550185866837,-0.7981024490785382,0.665419381947594,0.696028754083465
-0.169478297117289,0.7431096687163834,-0.14485877369482236,0.9954644621636797
-0.14658761649974061,1.0,1.0,14.190662310717462
-0.9713511724706942,-0.044605542742271576,-0.10349673444329843,-4.29699080704103
0.861895684919153,0.6659931783964517,-0.7078819707989721,3.645541004335434
0.05030821756141335,0.21172998493522965,-0.058799823209449764,0.5018317046687509
-0.7728620084099365,-0.0011617806382657747,-0.03318210410007216,-2.0749203382959207
-0.630950898854187,1.0,-1.0,1.033510627746199
-0.7948195023298756,-0.32428825336882583,0.7271619651169399,0.5662181519163494
-0.6115678554608819,0.9659221427820033,0.3938062458176377,3.1217173021820908
-1.0,-1.0,0.2852775983104485,9.893002767818556
0.9533373446334814,0.568483100707869,-1.0,10.05411503614112
-0.9346285967115893,0.500759670419529,-1.0,11.838431666521231
-0.26096074631354815,1.0,0.5806663419622893,7.772212478209848
0.6346935798114901,-0.2659696708125836,0.4471570793230717,2.3119653611316417
-0.1963446910202602,-0.605329793689503,0.08545765041199083,1.4938125660402815
-0.9119660577274289,-0.33527149003207923,0.4202061884159851,-1.5238763000860196
0.791587142942225,0.7611560252898841,-1.0,3.005731164833308
-1.0,-0.7965081456206535,-1.0,4.559929621655446
-0.2361991627407498,-0.9001207933100039,0.05863938727603446,3.66942894893075
-1.0,-0.7268626123672846,0.19586722475952345,2.782864276424665
1.0,-0.05250859597301227,0.10869350133266664,5.095727410581903
-0.20715123439067895,0.463503381019825,1.0,3.9621228343477366
0.16836531582637848,-0.6248631681533723,-0.7300052531878787,-0.43886915104928237
0.302886582058139,1.0,-1.0,5.926801984436218
-0.5413834294272073,-1.0,1.0,-3.133426309629251
-1.0,0.7885120954158147,-0.37961369331040795,4.66372371468769
-0.7083479571437183,0.9425883592051789,0.010331639241496493,1.6769908398190343
0.11934433551423274,-0.5025937447446895,0.23413510777106716,0.05392298922997907
1.0,-0.14224736545185612,-0.030696435711006664,3.754249749568441
-0.8771459485248345,-0.35432708980345673,0.8646949441848624,2.0361472735090755
-0.686832041820147,0.4065099302974948,-1.0,0.6545447593606485
1.0,-0.7892466057709886,0.31954591423683865,1.0796646031582409
0.5711513063215887,0.42925547370830786,1.0,4.345936540160601
-1.0,0.7068299206346245,0.36605843827346973,-3.0392216612159997
-0.9328967703891016,0.21191232108807712,-0.8671032692240059,5.515496772619855
0.2663819568314383,0.9290996716295239,-0.2359230914299122,6.438968108960717
-0.3791595022046035,0.12277319102492568,-1.0,-2.997194018112865
0.3760440810314376,-0.6514586702264102,1.0,-3.2144406726259627
-0.8396543382319441,0.5118026242615488,1.0,4.981728017612701
-0.1508409720308599,0.2293086312867123,1.0,1.3817702262604747
1.0,-1.0,-0.20482108753984085,-8.107345731931629
-0.4411313889290007,-0.49406862935983464,-0.14347778453181825,2.4631993379172994
1.0,0.05746612558870057,1.0,13.089218950399124
-0.1515285990162729,-1.0,-0.4318832158155963,1.3298672740290534
-1.0,-0.7634652631050873,0.0698817089988466,1.8931732891220927
0.8212666596924401,0.2667145829550639,0.16111983475915936,2.3199042834620967
0.5167691896783431,-0.293873079549009,0.370936014865044,1.8320491364186982
-0.3725161159135315,-0.3122414412460264,-1.0,-2.6008174191104634
-0.24450063615553796,0.7769367005155796,-0.687415369870759,0.15130305141057573
0.9293543797969246,1.0,1.0,21.871746539112337
0.048837417078455125,-0.9317325724049637,-0.26149701570593287,2.037360288815838
0.18489783174149999,-1.0,-0.7287198640553165,-6.158826355599228
-0.7285152651936335,-0.020811584909242953,-0.22207918376408298,-0.7694627057833745
0.286206675918107,-0.1563910482245805,-0.2039014865161184,1.6869992810955101
0.8817677157752353,-0.13740419785212965,-0.9561759407290746,2.5117881856706927
0.7600443699172985,-0.17760601473614135,1.0,2.2364874527133822
0.6454480943092746,1.0,-0.1391636223623669,9.60261710368039
-0.03602938069654016,0.9015429566792905,1.0,10.199272781537342
0.7287123154632742,-1.0,-0.1717668589965824,-2.8440287427908784
-0.2343274416119474,0.6978761705019549,-0.6586060556713174,-0.2776734890526522
-1.0,0.613252069350875,-1.0,19.377451867178983
0.4013370283551825,-0.6877497267361612,-0.8893400224295087,-4.112428926718573
-0.02499560206024265,0.30971709019584215,0.6818155701091089,0.5852794549706561
-0.7603401296850081,-0.02439105682636722,-0.43555395094624205,-0.5186991038390697
-1.0,-1.0,-0.42281219998777186,5.337142515198227
1.0,1.0,-1.0,38.80455741610213
-0.6302997038748519,0.4323398121396911,-0.372593138817396,-2.100759029417974
-0.3517278518192182,1.0,-0.5133994394394323,6.3173760053561026
-0.06043606659035761,1.0,-0.9790235242921084,4.776589016870424
0.22228365101479475,-0.09780498212245914,-1.0,-3.297727048065421
-0.4569632088733764,-0.8277861862888201,-1.0,-7.7267608875247245
-0.4327563167871953,0.8071760134749404,-0.7879656880458838,-1.9563272946773709
0.8669056176284351,-0.7577015828804936,0.25709840899238157,0.3043233625433455
-0.36213069349202054,-1.0,-1.0,-14.71381783235011
-0.4859941130317047,-0.11601573703897028,0.5978163309459306,-0.6871802795939634
-1.0,0.3358221687002987,-0.15754458584783415,-2.978648177236725
0.9951427964089041,-0.3216982657726333,0.673190060357105,5.935779544751142
1.0,0.05867109333283871,1.0,13.821380237173134
-0.050563845936465235,-0.5214671756397093,-0.10987110714736303,1.3834545703507795
-0.31836890254891204,0.20390558590139984,0.061996456324797666,-0.7945274041587111
1.0,-0.049128983079905764,0.14775669725659135,4.8694110764066005
-0.3987671416158054,-0.5394145640780492,0.26842854707573083,1.368253560960409
0.679327498102388,-0.080875183086492,0.699669253428691,1.5976449792430936
1.0,-0.49400889693325345,0.5019716682237962,4.546760189322423
-0.1484518247056672,-0.09309014823433692,-1.0,-2.8053771978830335
1.0,-0.04874647755318362,-1.0,8.915987454913758
1.0,-0.05708023672815443,-0.8037931840958239,7.106246809034495
1.0,0.6121203923977392,-1.0,13.451723696709555
0.6576264232685878,0.7390682922211451,0.8017884209878887,5.6551285768494965
0.5193779312304563,-0.9987188611683127,-0.4818310470267384,-2.653724446397118
-0.5297484994369528,-0.5390017526361308,1.0,0.18679331853862347
-0.2696815284913867,-0.5888964014904778,-1.0,-5.138241549878313
1.0,-1.0,-0.08682026028642209,-7.95116482095499
0.5361394483369659,0.40951477778888035,-0.5926185109489788,-0.18837229069729355
0.14408452690264317,-0.44951211535529345,-0.34595584829930637,1.1848888090666319
-1.0,-0.2041064898623739,1.0,4.490579055927769
0.6970416646731308,-1.0,1.0,-6.309636693843474
0.8175186447689982,-1.0,0.3041449012395354,-3.952697470943307
0.5319426476257632,1.0,-0.3477044021526021,10.359793072898302
-0.2767459002249919,0.3104638373065507,-0.6493368894777001,-0.2796944192859625
-0.21104010249468552,1.0,-0.5172891927327774,8.999400734233083
-0.8000958479368365,1.0,0.8237466917649117,5.86852436905113
-0.49377541512714784,-1.0,-0.12356690243218171,3.5825153197538198
-0.3893852306580112,-0.4496719743286255,-1.0,-3.5133217260748903
0.9872163750188974,0.33109639819714887,0.42028256509821604,7.725584269921678
-0.6711367433901059,0.2368519296933067,-0.11021478128712214,-2.4405777170547585
0.20780329963011757,0.609664372594918,-0.17453387528314002,1.026850358552567
0.00904740801619286,-0.04377160304699679,-0.6042538325621971,0.22921071129220894
-1.0,-0.08310300032913598,1.0,4.001548152385071
-0.4940093982138636,0.30167711075000003,-0.25798076656005176,-0.48331879982340153
0.023715651245210356,1.0,0.13265240324192829,7.300116183522873
0.4417040480356287,-1.0,-0.5057541389402216,-1.9384498613266237
-1.0,-0.9220364444540894,-0.8168972954610763,2.929576481868087
0.5854985491071842,-1.0,0.2888997409163423,-0.3501300153329895
-1.0,-1.0,1.0,22.237191656080384
1.0,-0.7656189634615418,1.0,1.0403180687430096
-0.4604655094867032,-0.027428627610188272,1.0,1.1981788204869395
1.0,-1.0,0.298623743666965,-6.702212585764301
-0.49901012627951435,-0.07766405913163288,-0.4619496349716927,0.6528383827621937
1.0,0.10937331345387147,-1.0,9.263177171963443
0.605010489794257,-0.26686517196343185,-0.949128783287202,-2.0551832068491187
-0.6061646363109938,-0.09323688146911513,0.99811162037637,1.8326147543719005
0.19545144520884583,-0.032791994159695026,-0.47802542473874987,1.094768744815135
-0.03842268918532743,0.4238940856597362,-0.8179110676143233,-0.7780193702689157
1.0,-0.3353075519719422,1.0,6.838848302651088
0.3385587561563512,-0.330554177689957,-0.06781152142262448,1.8110738305233283
-1.0,0.38397948947245086,-0.8351599572288328,7.361257698374983
0.06195036658253561,-1.0,-1.0,-17.6921583838775
-0.4788120818980022,-0.5116140330039336,0.6645298707996801,0.5560206680386459
1.0,-0.2469109880303042,-0.738344405365988,5.757668978421478
1.0,1.0,0.39794308368880293,13.138980822396961
-0.7387380221860216,-0.17223679580609996,0.6864870861275034,0.0008926567756979489
0.30147028787403674,-0.5139902227110718,-0.02853982028080182,1.4909733286155051
-1.0,-0.21637709585060305,-0.7087918803776778,0.9220653974372814
-0.3528074913638919,-0.9967871819143717,0.7598184373496997,-0.05583740148784694
-0.5851725152549234,-0.33263208364314734,-0.2691163346654608,1.184668333141139
1.0,0.06873458041328995,-0.18347237181597742,4.431016896129637
-1.0,-0.1377407445870107,-0.8506362020377676,3.3468360738568737
-1.0,-0.6810829765171134,-0.030906118055228804,-0.16799517809646902
-0.0015035328154486827,-0.4348925091921221,1.0,-0.9741862351781093
0.28507658845592787,1.0,1.0,9.815852074363308
0.12293042407959276,-0.3098210666383241,-0.47100695889709665,1.766772080671144
1.0,-1.0,-0.7050033593253904,-14.734407775123861
1.0,0.5222651246869026,-0.9874480777940093,12.355014856142493
-0.46963453385350395,0.13340232769581406,-0.9493456619668859,-1.4353324552634357
-0.5363923574400302,0.11238036950385855,0.883319152189751,-0.18068725526150986
-0.19939952298757824,-1.0,0.15875351336975618,2.673546973128283
-0.14720251458667288,0.6273967559426377,1.0,5.091213228091113
0.20068077829918463,-0.25414217221376245,0.25897550191147034,0.3828316793416099
-0.31589315481854174,1.0,0.8119960951514358,10.336115045876168
0.5039455885676694,0.3888136062457652,0.7710890648650834,1.7423040268898295
-1.0,1.0,-0.7638985273711187,13.820542640659742
0.755941081414478,0.6217675857103293,-0.4139877556759828,1.2696504201440737
1.0,-0.6543167524691533,0.9321047164752467,2.8511013914878225
0.8224419205757545,0.8970655797659814,0.8180225520155051,11.638749179283765
-0.3938283851086739,1.0,-0.1744757787725395,6.372195691913945
1.0,-0.6454395326938349,0.6402862178907158,3.788009224369193
0.11234222282941331,1.0,0.7307508462182004,9.546155388182552
0.4752180013055185,-0.01864137966917001,-0.23429185300597255,1.4583399513085997
0.30366593267455144,0.560646014272695,1.0,3.323361557021461
-1.0,0.26609642613213236,-0.6406788350394821,0.399275125291948
-0.6108588837897353,0.3346590004765706,0.05177319197228725,-1.807029161914776
-0.5694021166055048,-0.8342409500531576,0.04192806703919372,2.3300146969368654
-0.6355551247207971,-0.6044473822042027,-0.75419673885184,0.1443440276970419
-1.0,-0.0435103570636064,-0.49344222969568596,-2.450245880011152
-0.361136081527454,0.9091323364049424,-0.47702190254364374,2.3642216591114633
-0.184852500563095,-0.17688239237613734,0.4794295452856636,0.4750056822342019
-0.832373562401516,0.4854689459722965,-0.5252291099549424,-1.2226007068126157
-0.8729792127849476,-0.4304878000904746,0.5638649485118803,0.18670971361398758
1.0,-0.410368059360974,0.11042498958088798,4.2469014656535995
0.05756348527561417,-0.13089781357824837,-1.0,-3.4174144451092
0.5280544559498166,-1.0,0.021797322576941447,-0.34126490964751965
-1.0,0.5136705009306841,0.5500955861759398,-4.189189855073271
-0.10807238699608379,0.9306477213996531,0.609735219418015,5.08996809222499
1.0,1.0,0.47402710775299073,13.973271155836345
0.48767567081303076,1.0,0.29216500872531626,6.728731548882042
0.012872673512789534,-0.7799014796622297,-0.780394533110311,-1.1361749044675664
0.6079640565658848,-1.0,-0.646543065455216,-5.879140585832259
-1.0,-0.05030993031024744,-1.0,9.438798315290633
-0.24394283946452755,-0.24848727283937966,0.7968680035616833,0.0053761158747183384
-0.4184010665879312,-0.9498448286376378,-0.09685458681133907,3.444800932217147
0.4084958979084983,-0.3372776061719911,0.6480406108477457,0.3251668157309558
-0.4799007771754371,1.0,1.0,15.848762765419078
1.0,-0.8630940302983618,0.938997419875383,-1.4836062738440032
0.8550407452800375,-1.0,0.3448303817798706,-4.526522138567667
0.11436832666909336,0.8955517429517472,1.0,9.35206797440283
0.34358494112381877,-0.6384341438641083,-1.0,-8.268896535588576
0.2677190386839885,1.0,0.5582657140987928,8.297104785952827
-1.0,-0.6745174894171009,-0.22951827995767538,0.43228538319341897
1.0,-1.0,-0.7817342456161471,-16.456577583706192
-1.0,0.4262245570077017,-0.09323922488094327,-3.5434397299059803
1.0,-1.0,-0.12078709610068006,-8.17853066087294
0.5068410851796028,-0.6012068125656811,-0.26140019197776,0.9260085805121743
0.42884178416393626,0.027938029213508297,0.46338519041314763,1.7148788867614577
0.05164171912189719,0.4006420366622343,-0.6051168372266502,0.004043714499049
-0.6953430834749152,0.2677194324767276,-1.0,1.227569269017232
0.38891404647502426,-1.0,-1.0,-20.71250038378127
-0.9503097198680357,0.17588738934914017,0.5209470788068913,-3.5395767421667284
0.8920165853934277,-0.1654266484427669,-0.215189573435268,3.219155791030505
-1.0,0.36854682972647534,1.0,4.337523191270649
-0.5678021949345102,-0.7572620516471837,-0.11605784444269585,2.0144850027939865
-0.461039200027062,0.5653411690775245,-0.3212074710933053,-1.41115403462034
-1.0,1.0,-0.29823566392627177,10.42204380278548
0.9812884987972328,1.0,-0.2630259471323264,15.415839658863861
0.22785507176182085,-1.0,-0.1210016718990603,1.3186512769285208
0.06077777539991347,0.5823965142371847,1.0,4.732953879697068
1.0,0.5421786896734184,-1.0,12.82068682649592
0.39458539597200515,0.535526332437813,0.2008747030203537,1.181129996946182
1.0,1.0,0.9967347492896719,25.7721746226832
0.36789633300723534,-1.0,-0.15243264751364305,0.3019677371213442
-0.39866986606678445,0.7313966812585073,1.0,7.275836400086612
-1.0,0.7847104210258005,0.24500103302063625,-0.6694973289321583
-0.5173730296527208,0.7442759228958171,0.29802207404416436,-0.3012961937453684
-0.14977573991949233,-0.6978595432781876,0.8025762483894956,-0.12692709177026634
-0.3351792152015334,0.7568138232438064,-1.0,-4.245142460702597
0.03866228368190261,0.36272253212803385,0.2523321085147119,0.8333975028147234
0.5280905553251958,-0.8121617921234403,0.9242319320390135,-2.834494731281594
-0.755613638702882,0.25723937586325296,-0.5321360103204893,-0.22674869245910467
-1.0,-0.7943324117490016,1.0,16.23831637072534
0.06055184536782465,1.0,-1.0,4.1771716947816016
-1.0,0.6687709651590177,0.2382526247571688,-2.5503343187779612
0.4900517082602316,0.1394820342294818,-1.0,-1.7964507524376185
-0.9659211330041515,-0.557357909529095,-1.0,5.483160251749669
-0.011558607946763555,1.0,-0.24075825041146715,9.219194912791917
0.650205040800991,0.9608917203614622,0.9349022276976424,9.161466397683846
0.2645445396796884,0.3980432363110278,-0.9204092071064693,-0.9925960553856287
-1.0,0.038122076216510425,-0.8936722605171163,5.9475084021359175
1.0,-1.0,0.17359040227103995,-6.759098721134691
-0.9917919415594156,-0.28477166902459805,0.8515786994132313,1.9966523545527046
-0.4766501735400346,-0.6097802121837868,-0.09639403666965385,0.6805297390798085
-0.5923998814510776,-1.0,1.0,-0.6743701140267477
0.1877935804370663,0.36702857002364064,0.35694235876509506,0.7584652409244492
0.416037522484346,-0.1949089101450181,0.9190259734034625,-1.4758926294535193
1.0,1.0,-1.0,38.11021239393604
0.30740249237571327,-0.9446632327222935,0.45492014176493867,1.4136716825064732
0.1572121370028512,0.4065502105519678,1.0,1.7891547759290263
-1.0,0.451075227516337,-0.33545949803420094,-1.3226900151720657
0.36933130718885643,0.55230280732894,0.4734415663425926,0.8726616566488055
-0.07202463333532405,-0.8425881618850719,0.801514131063511,-1.426438173607426
-0.5619731165576864,0.573615923654818,-1.0,-1.903687466325021
-0.12880031185631147,-0.06879434490902847,-1.0,-2.843758955173105
0.11951317430772357,0.31285316390483264,-0.9715258635435704,-2.1239258605091766
1.0,-0.5327551577994933,-0.9085808713666981,4.15912224138354
0.6145449392442079,1.0,-0.4513369725146421,10.623278046787012
-0.1834698775177117,-0.6862498607711542,0.830514928936888,0.20770557530557054
-0.5003421635902552,0.5126264193523302,0.6397331456868047,0.005023535278711244
-0.05739524514260941,-0.9182992041276945,-0.5284936140315322,0.21119882353138975
-0.5179666055089982,-0.4774984887005722,1.0,1.6556334986662486
-0.5285713234068536,1.0,-1.0,-0.30100022777916957
0.3382325886330839,-0.6055298445113233,-0.5976901185790133,0.9155240768754289
-0.36683808207572244,-0.6246206678777495,1.0,0.07657605877421082
0.5306895735898105,-0.7696997871885685,1.0,-4.290946868531988
-0.5289511650474708,0.6379705833689793,0.033774771592840036,-1.4052570920413137
-0.4709677576510809,0.02821749936785678,0.5648829882681083,-0.358410318358394
1.0,0.46134016909442277,0.04637812708519018,7.217875847611754
1.0,-1.0,0.9711138099947607,-8.985362157275425
0.33491892608548035,1.0,-1.0,6.0537302185422375
-0.9960005384436093,-1.0,-1.0,2.946744619147359
1.0,1.0,0.573043923454039,14.513796490532227
-0.1514230332393891,1.0,0.3853027528348998,7.5373143369287465
-0.37340204114430486,0.43368535692990173,0.6248612553466679,-0.4271207605360846
-0.03632154965927792,-0.9177305838962706,0.009278818480745299,1.7726508680892272
1.0,0.9273531776949504,-0.645836568280401,16.88892721115388
-0.22948202836120624,1.0,-0.549334158418967,8.849668861398811
-0.3097506259110683,-0.7189104437642326,-0.14531098477250293,2.097102936667941
-1.0,0.008801343425415498,0.6855758301364479,-2.5919431368658716
-0.6611277191679823,1.0,0.027357662578260555,5.442694101904553
0.2729982547947152,-0.7914083976862232,-1.0,-10.750862237847647
0.36187452052519853,0.30985713216504207,-0.1007566285897945,0.0795964226489213
0.4802829662806114,0.10328073780983704,0.7152807230474727,0.7663693744758847
1.0,-1.0,-0.9138100122072319,-22.3567494712883
1.0,1.0,0.026765602038717917,14.415754124615917
0.8431972234667353,0.6245582979696298,-1.0,4.124428076929944
-0.01486372824484139,-0.43962209999670354,0.9802416576977913,-1.5509800084259633
0.7977997436007722,1.0,0.29169432639583226,7.908610671006149
0.19022283589242606,0.12023656291311502,0.20381368474623662,1.0731797517215749
-1.0,0.20573425096133402,1.0,2.7160767165998436
0.62137239732289,0.21960423343411994,-1.0,-2.3538436828614313
0.3803646014361195,0.42400195071702496,0.23912482531591284,0.7499924278683755
-0.7578600419508073,-1.0,0.6727464832704473,6.537384844993874
-0.32895556834405393,-0.6451974194220913,0.197797004290152,1.0715073358149354
0.9493008797124447,0.7587892331051085,0.15666311920170894,6.907119358599641
0.6740076346248518,-0.5619768248560317,0.7103180479426094,-0.250335257510668
-1.0,-0.6767205588656522,-0.8256988078405918,1.954508215708162
0.2880234081304567,0.28212571967681566,-1.0,-3.022406991275298
-0.28371303226354416,-0.5522220817045436,-0.5546183975320791,0.2938227220490448
0.29466427531603134,-0.5974187552509762,-0.36056277953576843,1.8134462278845742
0.7003928408062932,0.09939901851024713,0.8258581254938029,2.666258790325912
1.0,0.765245270963443,-0.5253654198737485,8.295275672977596
0.29625121629975326,0.9634508877404369,-1.0,3.736536747478125
-0.6589111198681983,0.2514576311266936,0.19330302414015677,-2.101145410906456
-0.7666565929357225,-0.5844561900115033,-1.0,1.431347629150024
0.06605534318429718,0.09006608944912653,0.11904873395024995,0.32728128612328705
-0.6799774194458046,-0.06659847004562125,-0.16746452493933095,-0.40487448982158364
1.0,0.03800984399226026,0.7549266310723843,9.13022974937511
-0.07364778023484586,0.7543992774069508,-0.11661350831595585,1.6521854261673268
0.03356027069931744,-0.8862805411380303,1.0,-4.899957881290516
0.20853055759120065,-0.29054875283807036,0.30215756323731346,0.7487689629379124
-0.5863007991836875,0.4056150483442633,0.19429861907450996,-2.412423455381232
1.0,0.13060323642959548,1.0,15.20461283237993
-0.5831410653739124,1.0,1.0,16.763355848866016
0.1267771784662386,1.0,0.0676360732032566,7.5859654693257115
-0.9016107641058919,-1.0,-1.0,-0.38038702668963154
0.6780938012129387,0.45554893871992697,-0.7686657168171585,0.5886544011389112
0.6753344157449259,0.9717368471921561,1.0,11.752589261508886
-0.5745228570272594,0.3663074527171699,1.0,3.1730017126939862
-1.0,-0.21292015853672885,-0.8315526422109534,2.600400219627073
1.0,-0.7156796360490112,0.4436213508638662,2.394722175705397
-0.10173542580509465,-1.0,0.11821812219517946,2.547851103707489
0.31429063136326096,-1.0,1.0,-7.638035939118514
0.3957613765060126,0.11614061073006088,-1.0,-2.558458905286015
-0.2542866503083814,1.0,0.0008548199926574629,7.1472290560735985
-0.25621803281903444,-0.6179778319702651,1.0,-0.14898067705132834
-0.8765690351205622,-0.17929445747010564,0.06228863567310006,-2.7936868133915453
-1.0,0.8025675930947522,0.02061267893424268,0.9288168696081764
-1.0,0.43492900649372945,0.41378628595333566,-4.408783292427784
-0.15135604549114712,0.04692791627675752,-0.5534263109767077,-0.16579059458421386
-0.7314206567616788,-1.0,0.05426073513599916,5.579432373731549
-0.050040338681885066,-1.0,-0.8279703013922906,-7.8293776301749896
-0.6987681637273633,0.29973842452673316,-1.0,1.3882996276209598
0.5674952183922903,-0.8537520028397085,-1.0,-14.056215581860302
1.0,1.0,-0.5569216378780102,21.59646714762888
0.07106348961712605,-0.40667239066423644,0.8302271036499576,0.09393234752616375
1.0,0.8063235166552167,0.02913313310766008,9.763728579415769
-0.9838851048865269,-0.8087865418341058,0.492031670105725,7.0254893284757625
1.0,-0.35368851803808465,-0.4853573485018199,5.425404225498252
0.6389204905585251,0.8037063009575698,0.8277655739934817,6.2389359181520865
1.0,0.9715335727053762,0.10857059583586137,13.384205138785914
-1.0,-0.4275680795163739,0.20703487967133416,-2.4055662309230743
0.26004217952773545,0.6868605975145565,-1.0,-3.311605440420113
0.45165083690121244,0.076918392322185,0.7575524295351643,0.8221392271697185
-0.6321998320262885,-0.027510990012588277,1.0,2.279029215728118
0.19070831708866454,0.9467551796387648,0.414800733441969,4.85069347415888
-0.8869658744682036,-0.5322755454618857,0.3128607294325998,1.0614877170555332
-1.0,-0.28786861175373013,-0.49940973324796367,-2.2508657746648817
-0.10899738790885927,1.0,0.0894872150998558,7.555221043464539
-0.0607525788742973,-0.4435533611596967,0.16546562389637698,0.8637671934941286
0.4872292581336821,-0.712682542079055,0.7852548164621851,-0.8316546603760453
-0.6483497627589205,0.06614004741333956,0.8813017893825861,0.24801962238723416
1.0,-0.17081102117999314,0.8908835785550904,8.128990780255664
1.0,-0.7022673030854405,0.5482740408521067,3.119465020044151
-0.2024875740250216,0.49090756181804385,0.19318416025938712,-0.2616283357290652
-0.6277841846970211,-0.44574030856243696,0.5375730455254417,0.42673676648436853
-0.5195786679319279,-1.0,0.9867021199787636,-2.5316997768728244
-0.6376196660426985,0.5250372764218343,0.6611281772730799,-1.0771138330818966
1.0,-0.4106680402965184,1.0,5.28102852357021
0.13934824076058816,0.42257344770118643,-0.35488119064683077,0.7290172859127749
-1.0,-1.0,0.9432796153030487,20.41551870458119
-0.47031401395724615,-0.8564328202215366,-1.0,-6.8964767601411285
1.0,0.001235658993045119,-1.0,8.69588397123975
-1.0,-1.0,-0.12644955121824575,7.262471872241827
-0.33113342281699487,-0.26571185658232355,-0.9893739127820835,-2.169948589161302
-0.7565139399929224,-0.28110389204377473,0.6142063802546975,0.6022102127131204
-1.0,-0.20143535211534314,0.15090183325897866,-4.4478378261725116
-0.6718379768963283,0.17502878245101017,0.4246675042240251,-2.58476108867395
-0.4447582053232664,-0.47491279057353486,0.12781736415275113,1.181070247248018
0.2510151474722355,0.7822688045884816,0.7901638019282049,4.15441343102852
-1.0,1.0,1.0,17.705620670708218
-0.7057409434899504,0.022314739647951942,-0.05212972494768553,-0.9105970771682987
0.28989087119048706,-0.747769428385973,0.14542088524299368,1.010092910607793
0.5789665151363372,0.7462264259856093,-0.12810601895695983,1.73584384880129
0.11495847547903248,-0.24182467825178922,-0.5894990350260112,1.1578176492026324
-1.0,0.34409749999937644,0.06294398595674577,-3.779070573496478
-0.730078393406641,-1.0,-0.4584909951182208,3.3363559716316638
-0.9797962507823064,-0.7824802860147124,-0.39586918105249325,2.68158861972506
0.947108967353641,-0.01822211808026819,-0.03386782073116579,3.8418068529687246
1.0,0.9396480168643988,0.7964671062246851,17.624676271738352
-0.3931113987417205,0.6216790835848318,1.0,5.957932891659792
0.21445481860999882,-0.5509905504261152,-0.25936079398070033,1.3293201301736848
-0.7010950101193281,0.08181978379589983,-0.2974942920602295,-1.1828286503338792
-0.1957283256237563,0.4024076719291867,-1.0,-3.9418246468741134
-0.41646923926457013,0.21170444391487586,-1.0,-2.459599348277367
-0.1364326662372668,-1.0,1.0,-6.66004975136939
-1.0,0.059242985701995154,-1.0,12.332497189495708
-0.980665077883988,-0.20848499767746898,1.0,5.2929243939046104
-1.0,-0.09699248502896896,-0.6926246832885432,0.33044671945896753
-0.8541498609970835,1.0,-0.7563255457439604,4.769172869533741
0.5837665809581025,0.7184921441624494,0.10578565071060808,2.193708623205982
1.0,-1.0,0.5266296483729027,-6.494127612529848
-1.0,0.7200854179251863,-0.9639944339275393,16.482048619928527
-0.7170519699058004,1.0,-0.808398331406778,2.208000747169966
-0.772391277566014,-0.8050524208042835,-0.6720927641610486,2.294207138072369
0.9184826151313474,0.676866534379384,0.7921464626440691,12.163621831093414
1.0,-0.04593799227072104,1.0,11.827820863256663
1.0,0.36104364755274143,0.875181900849797,15.207338700604515
-1.0,0.14232613114410353,-1.0,12.533248522582644
1.0,0.9929825259477716,1.0,26.2951702977437
0.06663210626719773,-1.0,-0.8505924671014171,-9.397861625515088
-0.9064814727878283,-0.6079880128830768,0.7406759851192464,3.5275877790312222
-0.9675353223068663,-0.39875161119962055,-1.0,6.821450304596516
-0.4160364811854882,0.18223136660454986,0.8659144772755347,0.7244048428701326
-1.0,-0.4049770660679708,-0.4086968069583399,-1.4593253073627064
-0.2458591538123489,-1.0,-1.0,-15.966552509500541
-0.8264074920809541,0.32780326220880274,0.20168938490779897,-3.1281739393981653
-0.6142966745722167,0.023647402108100346,1.0,2.380507448533168
-0.685651805586472,1.0,1.0,16.392046311239845
-1.0,0.5858562070766526,0.7951603781077092,-1.7539527792051088
-0.31351517802419293,-0.34463429413786617,-0.04947725363274036,-0.09545375018386759
-0.14833983270231488,0.06913491133006722,1.0,0.7092596644429063
-0.055777699176328355,0.4852609604460314,0.756304059587166,0.8264459078868611
0.29697107792600197,-0.9780874840658602,0.7488659137734868,-0.7313250085145815
1.0,0.6636156465027603,0.5193862781145699,10.865268177796173
0.6345625902691738,0.8864745363605067,-0.9426102979391915,3.5071093960413364
-0.35272282821369116,1.0,0.24969182635320908,6.400599338709792
-0.4970757696849566,-0.32962425758742064,-0.6767671224022314,0.16951023449691682
0.29235236070322035,-0.8595952609487778,0.1971666178738336,1.7005272788124293
0.9168594645035752,-1.0,-0.9883488350361502,-27.98314926932416
-1.0,1.0,-1.0,21.91614799443647
1.0,1.0,-0.7462343037605683,27.26575694434756
-0.4403574365795291,-0.6889709860347191,-1.0,-4.721725507649769
-0.6961524679386446,0.7557103668848877,1.0,8.79003548316027
0.13817390165785026,0.17568171454734793,-0.2475522996309183,1.2107335852268868
-0.96425290717401,0.011200384441873101,-1.0,10.070562091353253
-0.4695179633039719,0.16312869545523578,0.43844318810088234,-0.6601263065610046
-1.0,1.0,-0.2618901309809283,9.93252575399659
-1.0,-0.5215798224914188,0.7961556566124905,3.2996080322587815
-0.5023920545477485,0.48734346773086834,1.0,4.526902403891888
0.8413666309894796,1.0,0.1301918897011356,9.414305791969054
-0.7141486942150526,0.9086889173959711,0.14296939599323677,1.0711908234558216
-0.08680821805567729,0.597526249030891,0.2645817295087165,-0.12531117211360873
-0.19377707322814874,0.4418581673147277,-0.6415010560034178,-0.06584277976429309
0.28611536094122236,0.4420685108947542,0.6260108408047973,1.2583420620583696
1.0,-1.0,-1.0,-29.731310765523467
0.2619386149943044,0.3428700766221422,-0.28090699939608954,1.6760273553083813
-0.37137039383981496,-0.7571254392067117,-0.06288412504289043,1.5275854790992398
-1.0,-1.0,0.19273284047364414,8.784763558222181
1.0,1.0,-1.0,39.36636763762377
1.0,-0.3213410490739175,-0.7380165451282588,5.7540275568211445
0.3255688340572789,-0.44537340984383444,0.630859192121757,0.17447831048224305
1.0,-1.0,1.0,-10.041028388226191
-0.22354048789406122,-0.8494586980333394,1.0,-2.1929741275474286
-0.10129090218307657,-0.5464864171955905,-0.9281883003837079,-3.490835134458115
0.7096211742961489,-0.5551437222054536,1.0,-2.4222725408476062
-0.4203912891408019,1.0,0.44893608936894225,7.158301971042993
0.20717175666944732,1.0,-0.05799712407115698,8.744183868982573
0.03657329065418646,0.8828995390673566,0.07139955555356159,3.636317689332918
-0.34230619870462364,1.0,0.11519039639048967,6.49274539852499
-1.0,-0.05175620197455655,0.6705793843761556,-2.294598840611342
-0.14665240233478904,1.0,-0.3209326822565364,8.865254541517814
-0.4774006159896329,0.5368313372433526,0.9590387061024703,3.430984593304858
1.0,-0.21647457303321782,0.8148182712194532,7.24440275158319
-1.0,0.9396434173346291,-0.9045124598288534,15.694242574058185
0.3478390421239912,-0.42730483434742905,0.23282662821084776,2.1713176690641474
1.0,0.056139672006156216,-0.1652342765201471,3.787040624151687
-0.6541902838799634,1.0,1.0,17.13051912180671
0.46438344570497736,0.2121470388286475,0.2834641257769337,1.8731764787035678
-1.0,0.15928551129263036,1.0,3.6120958747766725
0.04743893669493793,0.699239779460114,0.13539553391665082,0.735049888715403
-0.4121193558334877,-0.9013041030628339,-0.5432233609840278,0.8937789631927664
-0.9169517544004395,1.0,1.0,16.753540510444616
0.9270167093405468,-0.7416615867504557,0.6641689270270696,0.6769075580949758
-0.9388610152761525,0.22113324229430775,0.8969890562017455,0.610683312912966
-1.0,1.0,0.15022614701041648,6.7106787674562245
0.22868497388251585,0.5687198952887749,-1.0,-2.9847320345749706
-0.45743968785385425,0.5437967370419134,0.31085248411706123,-0.9596939054473395
0.628929089886644,1.0,-0.18093716166014562,8.9432001736911
0.2197531964102173,0.55837328492892,0.04026329937660256,0.5086410674356188
0.1660375926378015,0.8437608857980978,0.4687985208718337,2.9127220161858194
-1.0,-0.3155583567061355,0.02235584210141406,-3.3725894085756303
0.4142537969244857,-1.0,0.11535908099821235,0.8836311051464651
-0.4237163352063289,1.0,1.0,15.688531599268572
-0.8627350054587917,-0.47746549420211104,-1.0,4.464449003988292
-1.0,-1.0,0.26338910483959577,9.709591530654514
0.9097459825314493,-0.5103375660191072,1.0,1.25090141995091
-0.008777687492245168,0.4616075836297364,0.24457766623886146,-0.5473447523283139
-1.0,1.0,-1.0,21.383678227704657
-0.7276079996267191,0.8483261456271107,-1.0,-0.47596076635397033
0.4789415743224339,0.03245952740406932,1.0,0.0460741780317625
-0.4077684129747452,-0.8880321326471381,-1.0,-9.490271402314228
-0.16049285219683052,0.4054982353371561,1.0,2.274371260661673
-0.7450381795558165,-0.4902351158966931,-1.0,1.702636003454247
1.0,-0.2467915934643259,1.0,8.152749230527078
-0.690374134484232,-0.9829838409104419,-1.0,-6.460572853554381
0.6200423151010455,0.3293624731370095,0.3738582967382076,2.5263682440509534
-1.0,0.42502998054919794,0.33059037320959295,-4.387520165840115
1.0,0.27131828274845704,-0.8125391163762512,8.180827117005231
-1.0,-0.09397041529675354,-0.917634495127716,5.398883739865278
-1.0,1.0,0.14551870809172374,5.461638529880608
-1.0,1.0,1.0,18.040860666028344
-0.8757751955309978,1.0,-0.7700794490508236,5.9995566205735384
-0.029934706469265215,-0.29097362846647123,-0.6726697544216376,0.527770642224413
-1.0,0.35918278135477855,-0.9547758871220697,12.685491132806362
-1.0,0.5397043440438729,0.05150489504973965,-2.7647652242787655
0.18820702515904864,0.1870190400763323,0.3007948038646837,0.7878885636665924
-0.40934849492420344,0.7916134313594498,-0.4260723171344949,-0.1161095610911744
0.4536823288726983,-0.6917612611249766,0.8783512265965725,-1.8582802819803903
-0.28748905524593216,-0.7443926563930336,-0.4003180742454193,1.527253658647213
-1.0,0.05830914020986988,-0.3952417661420433,-3.0905275170846247
-0.5054592976318806,0.551106746287271,1.0,5.10944304532299
0.7245268808908354,0.1146302043922045,0.863299383128985,2.7851631007740543
