degree,model,lam,cv_mse,cv_std,cv_r2
1,Least squares,0.0,36.73121963018601,10.083357852991243,0.2518122665743905
1,Ridge,0.03162277660168379,36.72542638671998,10.202668380090003,0.251930270652166
1,Lasso,0.001,36.731247111583116,10.08498631643374,0.2518117067986897
2,Least squares,0.0,23.598329176427068,5.823703959218452,0.5193195162887384
2,Ridge,0.0031622776601683794,23.597767975765954,5.851501925662282,0.5193309475304686
2,Lasso,0.01,23.598387020944873,5.8691889457968625,0.5193183380387618
3,Least squares,0.0,12.650593410005484,2.0870668944537782,0.7423167837818669
3,Ridge,0.00031622776601683794,12.650422989118841,2.0929842835613988,0.7423202551290803
3,Lasso,0.001,12.65222660156571,2.095578229879023,0.7422835168796513
4,Least squares,0.0,3.9666488600080063,0.5168319186608248,0.9192023012101208
4,Ridge,1e-06,3.966650153478432,0.5168414652972341,0.9192022748630864
4,Lasso,0.001,3.9662432082843644,0.5223688320555493,0.919210564035225
5,Least squares,0.0,1.486256529082399,0.19932039771175017,0.9697260555195579
5,Ridge,1e-06,1.486256465267804,0.1993141372442672,0.969726056819414
5,Lasso,0.001,1.4922902607045885,0.1960691185098173,0.9696031528761948
6,Least squares,0.0,0.5211711094507535,0.060275238963064276,0.9893841305833901
6,Ridge,0.0001,0.5208685182520877,0.06054696332818673,0.9893902941419478
6,Lasso,0.001,0.5429760477481931,0.06652612563186462,0.9889399801433422
7,Least squares,0.0,0.3214819438172084,0.03192607471635115,0.9934516509578629
7,Ridge,3.1622776601683795e-05,0.31981302689380187,0.03293759885930016,0.9934856455592611
7,Lasso,0.001,0.3574179144740621,0.03810177682692601,0.9927196618569046
8,Least squares,0.0,0.2581430936922254,0.0337995342478256,0.9947418164135683
8,Ridge,0.0001,0.25164908103841394,0.028749243623439506,0.9948740946405701
8,Lasso,0.001,0.2859611894525478,0.02855099841120435,0.9941751824105409
9,Least squares,0.0,0.2952556689086011,0.05015273612964776,0.9939858607493598
9,Ridge,0.00031622776601683794,0.24948128815461093,0.028996387529123036,0.9949182509757148
9,Lasso,0.001,0.2665432539890165,0.033698047637615525,0.9945707113711508
10,Least squares,0.0,0.3675882547598187,0.0744156825223934,0.9925124995594591
10,Ridge,0.001,0.24149271782368018,0.024930190715625095,0.9950809722354331
10,Lasso,0.001,0.25036337581466145,0.024474107250854277,0.9949002835035291
11,Least squares,0.0,0.5151165965941351,0.14476633965801314,0.989507456525104
11,Ridge,0.001,0.24439657798951472,0.029615781744185603,0.995021822755031
11,Lasso,0.001,0.2548511790436899,0.028490199105039277,0.9948088702763128
12,Least squares,0.0,1.1324834968430462,0.6313074513106961,0.9769321501116565
12,Ridge,0.0031622776601683794,0.24342302463245025,0.024249875144702965,0.9950416533157073
12,Lasso,0.001,0.2527093565444521,0.02686087705054085,0.9948524976139629
