degree,cv_mse,cv_std,cv_r2
1,49.1323952829514,13.589377259710714,-0.0007904946971224458
2,45.348472323352205,13.19505510004408,0.07628521286454626
3,45.292261437531884,13.141857775440979,0.07743018696775272
4,44.85861477045866,12.969242971553049,0.08626324833112908
5,44.9341469176208,13.030142507592924,0.0847247144475558
6,45.074971553409405,13.184093006547185,0.08185622093925493
7,45.198749218713544,13.287354820508465,0.07933496159134823
8,45.33428692030072,13.3284296587337,0.07657415901617626
9,45.39719019476746,13.24186407708737,0.07529286591395534
10,45.41623347834557,13.222964285737362,0.07490496833470983
11,45.493314697975286,13.177242811390695,0.07333488099252294
12,45.481627770357434,13.192132199547077,0.07357293505043727
