features,n_features,degree,model,lam,cv_mse,cv_std,cv_r2
x1 x2 x3 x4 x5 x6,6,5,Ridge,0.03162277660168379,0.5013463513261361,0.1247899353161936,0.9512215532406458
x1 x2 x3 x5 x6,5,5,Ridge,0.1,1.767320657466181,0.19030763727919744,0.8280487005263125
x1 x3 x4 x5 x6,5,5,Ridge,0.1,2.749864796368289,0.5526519271115127,0.7324521596491764
x2 x3 x4 x5 x6,5,5,Ridge,0.1,3.1262270270763035,0.2878354227502839,0.6958340313148182
x1 x2 x4 x5 x6,5,5,Ridge,0.1,3.4174604345880897,0.40907377109542264,0.6674985039388193
x1 x3 x5 x6,4,3,Ridge,0.01,3.4859440830276265,0.6223852183093672,0.6608353937148033
x1 x2 x3 x4 x6,5,5,Ridge,0.31622776601683794,4.034460402577248,0.707541243436505,0.6074675492715055
x2 x3 x5 x6,4,4,Ridge,0.03162277660168379,4.373929654370094,0.5563724392589625,0.5744389198993864
x1 x2 x3 x4 x5,5,4,Ridge,0.1,4.404682950377905,0.5515799612560613,0.5714467808162482
x1 x2 x5 x6,4,4,Ridge,0.1,4.415628569310129,0.38789310919935127,0.5703818278372919
x1 x4 x5 x6,4,4,Ridge,0.1,4.498470111492561,0.5853478729851744,0.5623217676730565
x2 x3 x4 x6,4,4,Ridge,0.03162277660168379,4.5664323218076515,0.5893501328744523,0.5557093907230024
x1 x2 x3 x6,4,5,Ridge,0.1,4.637189724170044,0.939311416764079,0.5488250558219212
x1 x2 x3 x5,4,3,Ridge,0.03162277660168379,4.910150472480284,0.735936940869049,0.5222673651284009
x3 x4 x5 x6,4,3,Ridge,0.03162277660168379,5.101712844472503,1.1063366681400695,0.5036293219101717
x2 x3 x6,3,5,Ridge,0.03162277660168379,5.1888726099467055,0.8164004175704445,0.49514912061121885
x1 x5 x6,3,3,Ridge,0.01,5.247275778337726,0.5280333994605967,0.4894667897586985
x1 x3 x4 x5,4,3,Ridge,0.03162277660168379,5.429910686759982,0.7659820462442696,0.4716973432806104
x1 x3 x4 x6,4,3,Ridge,0.1,5.908339186291615,1.1146748288165935,0.42514868678628936
x3 x5 x6,3,4,Ridge,0.03162277660168379,5.94992799358336,1.051613427837977,0.42110230763762424
x1 x3 x5,3,3,Ridge,0.03162277660168379,6.010639656783438,0.823438401259585,0.4151953719967376
x1 x3 x6,3,3,Ridge,0.03162277660168379,6.07385652165952,1.225712262918074,0.4090446929911068
x1 x2 x4 x5,4,3,Ridge,0.03162277660168379,6.093434931455124,0.7105616048132716,0.4071398134256695
x2 x4 x5 x6,4,3,Ridge,0.1,6.204716712956804,0.9971830739746449,0.39631266281430566
x2 x3 x4 x5,4,4,Ridge,0.1,6.327036103949816,0.8798488987639294,0.38441160901106797
x3 x4 x6,3,3,Ridge,0.03162277660168379,6.473903319222948,1.0679235468777273,0.3701221769209664
x1 x2 x5,3,3,Ridge,0.03162277660168379,6.522827401540831,0.8596054170645939,0.3653621128688781
x1 x2 x4 x6,4,3,Ridge,0.1,6.545166085390432,0.7910290200006108,0.3631886726953344
x3 x6,2,3,Ridge,0.01,6.641069846697336,1.0728805435556898,0.3538577251327232
x1 x4 x5,3,4,Ridge,0.03162277660168379,6.658763151127608,0.8116062092311932,0.3521362567189885
x4 x5 x6,3,4,Ridge,0.03162277660168379,6.855639870443968,1.2700538490565705,0.332981154570689
x1 x2 x6,3,3,Ridge,0.03162277660168379,7.0810814532833035,0.9970332033384331,0.3110468366749165
x2 x3 x5,3,4,Ridge,0.1,7.094011418535456,0.7569603220556235,0.3097888169047833
x1 x5,2,3,Ridge,0.03162277660168379,7.246993684795145,0.9276188211073073,0.2949044214960308
x2 x5 x6,3,4,Ridge,0.1,7.367890737504554,1.1617414549447092,0.28314175396419405
x1 x4 x6,3,4,Ridge,0.1,7.369059489578198,1.0724535865934097,0.2830280403395745
x3 x4 x5,3,4,Ridge,0.1,7.38832262485034,1.0218446765690958,0.2811538353796601
x2 x4 x6,3,4,Ridge,0.31622776601683794,7.468058312806945,0.9773067186265612,0.2733959590143016
x1 x6,2,3,Ridge,0.03162277660168379,7.646138626342357,1.1599205483976032,0.25606965142335336
x5 x6,2,4,Ridge,0.01,7.776509195125923,1.155489572603348,0.24338525902361885
x4 x6,2,3,Ridge,0.03162277660168379,8.029156198133444,1.2409855696914374,0.2188039922955083
x2 x6,2,4,Ridge,0.1,8.170116154470787,1.1880329289278508,0.20508930641574796
x3 x5,2,5,Ridge,0.03162277660168379,8.17519154044267,0.9113437101433434,0.20459549720828518
x2 x4 x5,3,5,Ridge,0.31622776601683794,8.296731717125798,1.2185572034679382,0.19277025698906636
x6,1,4,Ridge,0.03162277660168379,8.36861489316781,1.1540538601984365,0.18577639004222646
x1 x2 x3,3,2,Ridge,0.03162277660168379,8.437215595397054,0.6617290063796575,0.17910189108059615
x2 x3,2,4,Ridge,0.1,8.450488447472829,0.6666609593410677,0.1778105101687567
x1 x2 x3 x4,4,4,Ridge,0.31622776601683794,8.464875925127517,0.5854151385538232,0.17641068186458275
x2 x3 x4,3,4,Ridge,0.31622776601683794,8.520828356324802,0.7511489482105455,0.1709667952600551
x4 x5,2,4,Ridge,0.03162277660168379,8.6635486004722,1.1710445531772293,0.15708084234105757
x2 x5,2,3,Ridge,0.1,8.99047083205497,1.12938840530275,0.12527297413671568
x1 x3 x4,3,3,Ridge,0.1,9.219841305699045,0.7685752188271773,0.10295639517444632
x1 x3,2,2,Ridge,0.03162277660168379,9.279344999392276,0.9155080148763041,0.09716698881470598
x3 x4,2,2,Ridge,0.1,9.350483330786501,0.9055181522554906,0.09024559145879862
x5,1,1,Ridge,0.01,9.403688893186057,1.0116828147889692,0.08506896119921192
x3,1,2,Ridge,0.03162277660168379,9.410917278854246,0.9334714794891532,0.08436567608595802
x1 x2 x4,3,3,Ridge,1.0,10.012805790890301,0.9136517012605926,0.025804989124223576
x1 x2,2,3,Ridge,0.31622776601683794,10.055933177745299,0.9777032305702857,0.021608914019633607
x2 x4,2,2,Ridge,0.31622776601683794,10.128372034704677,1.0632165344962075,0.014560982149470436
x1 x4,2,3,Ridge,0.31622776601683794,10.181738040256123,0.8829520844060473,0.009368741588299478
x2,1,6,Ridge,1.0,10.183174574643619,1.081323803526908,0.009228974108286714
x4,1,6,Ridge,0.1,10.237960043586762,0.9989752209812701,0.0038986269880562086
x1,1,6,Ridge,10.0,10.30132762756173,1.0678187384030529,-0.002266716218323417
