term,degree,weight_standardised,coefficient_raw
intercept,0,0.7871137891876606,-0.02718535593923299
x1*x5,2,-1.3744970890332768,-2.5641096077089554
x2^3*x3,4,-0.9255975676627523,-2.257803133271603
x3*x6,2,-0.8360710112099913,-1.6888604986967644
x6^2,2,0.8066868866581981,2.0272522466269853
x2*x4*x6,3,-0.6929323827855963,-1.848774722240761
x2^2*x4^2*x5,5,-0.586721704498351,-1.7505615794061749
x3^3*x6^2,5,-0.5861852570886544,-1.5297513157036706
x2*x6,2,0.5389239138253761,1.0546403549615466
x1^2*x6,3,-0.5132000562931525,-1.1088024767256717
x4^2*x5^2,4,0.4670192692502095,1.3329914250035597
x3^2*x4^2,4,-0.45327390332128664,-1.3311854276092585
x1*x3^2*x6^2,5,-0.4494296439250166,-1.5350257662732785
x1^2*x3^2*x5,5,-0.4254496578267813,-1.324174861727023
x5^2*x6^3,5,0.4135043734356672,0.9822330357020442
x1*x2^2*x4^2,5,0.40678425614127445,1.195866714952529
x1*x3*x6^2,4,0.3490450978630749,1.145798761796803
x6^4,4,0.3223781108929898,0.7493895890615968
x4^3*x5^2,5,-0.31524904232679707,-0.7283585671626435
x3^2*x5^2,4,-0.3068258804772285,-0.9027111721759944
x1*x5*x6^2,4,-0.3013476329767656,-0.8866114857474932
x1^3*x3^2,5,0.2566457046107336,0.6031112830242019
x1*x6^2,3,0.24914333458482119,0.5429580312723691
x2*x5^3,4,0.24595401284306856,0.5193234149785054
x2*x3^2*x4*x5,5,-0.24201567057855108,-0.951719405255401
x3*x6^4,5,-0.23142853001108338,-0.561167769948983
x2^2*x5^2,4,0.21135062314704486,0.606757546150508
x4*x5*x6^3,5,0.20331150718493035,0.6190552510865933
x2^2*x4*x5^2,5,-0.1742635211683645,-0.5223961922222168
x1*x2*x3^3,5,0.14956840094223428,0.4443803426566641
x1*x3^2*x5^2,5,0.1294731665827886,0.40488281531944
x1*x2*x3^2,4,-0.11563555558299414,-0.3613504512019291
x1^2*x3*x4*x5,5,-0.07387325962838798,-0.28896695547865214
x1^3*x5,4,-0.07213756315975023,-0.15377827064615973
x1^2*x2*x3,4,-0.06905885954081574,-0.20873711575182638
x1^2*x3^2,4,-0.0605587450199936,-0.17580966186699232
x2*x4^2*x5*x6,5,0.05963794956406589,0.23034432606597646
x1*x2*x3*x5,4,0.05911254414983715,0.20684214007655147
x2^3*x6,4,0.058468496235920875,0.129505957756687
x1^2*x3*x6^2,5,-0.056307985818523254,-0.18966780673029826
x1*x2*x4*x5*x6,5,-0.05583287769074531,-0.2726230229291276
x2*x3^3,4,-0.05510699208206698,-0.1331372344832913
x1*x2*x4*x5^2,5,-0.05306980603633078,-0.20120871941403431
x1*x2*x3^2*x5,5,0.04819822417777697,0.18496118784755966
x4^2*x5^2*x6,5,0.04551478706683073,0.14104075505929745
x1^2*x3*x5^2,5,0.044514379393148125,0.13805119832855364
x1*x3*x4*x6^2,5,-0.04307453440070388,-0.18329590302263138
x1^2*x2*x3^2,5,0.03806879608622199,0.11743363956682756
x4*x6^3,4,0.035538381539859686,0.08187255971248662
x2^3*x4*x5,5,-0.03540999297117885,-0.1006883921801876
x1^2*x2*x4*x6,5,-0.03516626622073753,-0.13761706154350645
x2*x3*x4^2,4,-0.03487399082016994,-0.11016734419284123
x2*x3*x5*x6,4,-0.03481417745280377,-0.13212773744060474
x2^2,2,0.029346280314698187,0.07215569256159515
x4^3*x5*x6,5,0.027761088716211392,0.08299999418985382
x2^3*x4*x6,5,-0.025819569688352487,-0.07694925797764585
x2*x4*x5*x6,4,0.025472491891074034,0.0920036447694074
x1*x2^2*x3^2,5,0.02537683901800737,0.07883095088361217
x3^3*x4*x5,5,-0.025239303207574042,-0.0758149872117397
x2*x3^2*x5,4,0.024505182164277137,0.07002901423417013
x4^5,5,-0.024112882793429546,-0.03995299304338213
x1^3*x6,4,-0.023755856633702086,-0.053766718977166866
x3^2*x5^2*x6,5,-0.01976998811229249,-0.06533732549946902
x1*x2*x6^3,5,0.019390500005375767,0.05983905612356986
x1^3*x4^2,5,0.018018287415885865,0.04180520130807903
x4^4*x5,5,-0.017076820304856435,-0.03734901771171021
x3*x4^2*x6,4,-0.016814416989692226,-0.05116404495538388
x1*x4*x5*x6,4,0.016402139129132957,0.061518600873399415
x2^2*x5*x6^2,5,0.01487082786655604,0.046073816933586746
x4^2*x5*x6,4,0.014559564208144289,0.04354563482987932
x1^2*x6^2,4,0.014303019744261741,0.04392518298465895
x1^2*x3*x4,4,-0.01393603310075498,-0.04302226489283071
x3^2*x4^2*x5,5,-0.013076837931523009,-0.04103628378803375
x2*x3*x5,3,0.012857946540703602,0.033431418537922405
x1*x2^2*x4*x5,5,-0.012816348283191982,-0.047927577382760635
x2*x4^2*x5,4,0.01237487508621417,0.03427252926259996
x2^2*x6^3,5,0.01214545005607058,0.030034690026346764
x2*x3^2,3,0.011843888027660399,0.02526377926050584
x3^2*x4*x5*x6,5,0.011441188925104673,0.047214372354524595
x1^2*x2*x5^2,5,-0.011420110556919393,-0.03467227727142113
x1*x2^2*x5,4,-0.011368945690998798,-0.03146267302515844
x2*x3^2*x4^2,5,0.011266483588269883,0.03604079803936576
x1^2*x3*x5,4,0.009871714271688871,0.0279554484735041
x3*x4*x5*x6,4,0.009856655825763212,0.03737761213650869
x2*x4*x5^2,4,0.009797626376147915,0.029177770455379174
x1*x6,2,-0.009470874206750048,-0.018583868427723537
x3,1,-0.009275689352240145,-0.013002694261883635
x2*x3^2*x5^2,5,0.009178353948505562,0.02866926624309964
x1*x4*x5*x6^2,5,-0.008741127924894307,-0.035972120763636824
x1*x2*x5*x6^2,5,0.007321482415023815,0.0287333889775806
x1*x2*x4^3,5,0.005943994688813986,0.016805224244640364
x1*x2*x3,3,0.005919536422592544,0.015368223738531686
x3*x6^2,3,-0.005839793337883968,-0.013109362965354376
x1*x3*x5^2,4,-0.0050968378733596996,-0.015523561547418022
x1*x3^3,4,0.005084428523665575,0.012154357561525305
x2*x3^2*x5*x6,5,0.0050639311673312416,0.021152737882828697
x1^2*x4^2*x5,5,-0.004589901192337855,-0.014150766481971987
x1^2*x2^2*x3,5,0.004421627341263585,0.013581447851343189
x2^2*x3*x4*x5,5,-0.003840066408453309,-0.014945890423135592
x5^3*x6,4,0.003640813889103297,0.00840689640796804
x1*x4^2*x6^2,5,0.003321659171497278,0.010936431348576666
x1*x2^2*x5^2,5,-0.003167501450502245,-0.009616953075071143
x2*x3*x4*x5*x6,5,0.0029934666958581118,0.015290217567320973
x1*x2,2,-0.002816665585691329,-0.006045303013904882
x1^3*x2,4,-0.0024837675567189344,-0.0059677158107421455
x1*x3^2*x6,4,-0.002476836146093912,-0.007549929103871401
x1^2*x4*x5,4,-0.0016039930752118254,-0.0045251884507044576
x3*x5,2,0.0015222170551016806,0.002899907572130056
x3*x4,2,-0.001496656210353501,-0.0032642886476700428
x3*x4*x5*x6^2,5,-0.0011726541771371235,-0.0048053266277401615
x5^4*x6,5,0.0008937643430754501,0.001960585405821746
x4^2*x5*x6^2,5,-0.0004904139755767837,-0.0015553475737228916
x2*x3^2*x6,4,0.00016442786512913137,0.0005123145213932818
x2^4*x5,5,-0.0,-0.0
x2^4*x6,5,0.0,0.0
x1*x5*x6,3,-0.0,-0.0
x1*x5^2,3,-0.0,-0.0
x2^3*x3^2,5,0.0,0.0
x1*x4*x6,3,-0.0,-0.0
x2^4*x4,5,-0.0,-0.0
x1*x3*x6,3,-0.0,-0.0
x2^3*x3*x4,5,0.0,0.0
x2^3*x3*x5,5,0.0,0.0
x1*x3*x5^3,5,0.0,0.0
x2^3*x3*x6,5,-0.0,-0.0
x1*x3*x4^2*x5,5,-0.0,-0.0
x1*x3*x4^2*x6,5,-0.0,-0.0
x1*x3*x4*x5^2,5,-0.0,-0.0
x1*x3*x4*x5*x6,5,0.0,0.0
x1*x4*x5,3,-0.0,-0.0
x2^3*x5*x6,5,-0.0,-0.0
x2^3*x5^2,5,0.0,0.0
x1*x4*x6^3,5,-0.0,-0.0
x1*x5^4,5,-0.0,-0.0
x2^3*x4^2,5,-0.0,-0.0
x2*x3*x4,3,0.0,0.0
x1*x5^3*x6,5,-0.0,-0.0
x2^4*x3,5,-0.0,-0.0
x1*x5*x6^3,5,-0.0,-0.0
x2^2*x6,3,0.0,0.0
x1*x6^4,5,0.0,0.0
x2^2*x5,3,-0.0,-0.0
x2^2*x4,3,-0.0,-0.0
x2^2*x3,3,-0.0,-0.0
x2^5,5,-0.0,-0.0
x2^3,3,0.0,0.0
x1*x5^2*x6^2,5,0.0,0.0
x1*x3*x4^3,5,0.0,0.0
x1*x2^3*x6,5,0.0,0.0
x1*x2^2*x3*x4,5,-0.0,-0.0
x1*x2^2*x3*x5,5,0.0,0.0
x1*x2^2*x3*x6,5,-0.0,-0.0
x1*x2^2*x4*x6,5,-0.0,-0.0
x1*x2^2*x5*x6,5,-0.0,-0.0
x1*x2^2*x6^2,5,0.0,0.0
x1*x2*x3^2*x4,5,0.0,0.0
x1*x2*x3^2*x6,5,0.0,0.0
x1*x4^2,3,0.0,0.0
x1*x2*x3*x4*x5,5,-0.0,-0.0
x1*x2*x3*x4*x6,5,0.0,0.0
x1*x2*x3*x5^2,5,0.0,0.0
x1*x2*x3*x5*x6,5,0.0,0.0
x1*x2*x3*x6^2,5,-0.0,-0.0
x1^2*x3*x4*x6,5,-0.0,-0.0
x1^2*x3*x5*x6,5,0.0,0.0
x1^2*x4^3,5,0.0,0.0
x1^2*x4^2*x6,5,-0.0,-0.0
x1^2*x4*x5*x6,5,-0.0,-0.0
x1*x2*x3*x4^2,5,0.0,0.0
x1*x3*x5^2*x6,5,-0.0,-0.0
x1*x3*x5*x6^2,5,-0.0,-0.0
x1*x3*x6^3,5,-0.0,-0.0
x1*x4^4,5,0.0,0.0
x1*x4^3*x5,5,-0.0,-0.0
x1*x4^3*x6,5,0.0,0.0
x1*x4^2*x5^2,5,-0.0,-0.0
x1*x4^2*x5*x6,5,0.0,0.0
x1*x4*x5^3,5,0.0,0.0
x1*x4*x5^2*x6,5,-0.0,-0.0
x1*x3^2*x5*x6,5,-0.0,-0.0
x1*x2*x4^2*x6,5,0.0,0.0
x1*x2*x4*x6^2,5,0.0,0.0
x1*x2*x5^3,5,0.0,0.0
x1*x2*x5^2*x6,5,0.0,0.0
x1*x3^4,5,0.0,0.0
x1*x3^3*x4,5,-0.0,-0.0
x1*x3^3*x5,5,-0.0,-0.0
x1*x3^3*x6,5,-0.0,-0.0
x1*x3^2*x4^2,5,0.0,0.0
x1*x3^2*x4*x5,5,-0.0,-0.0
x1*x3^2*x4*x6,5,-0.0,-0.0
x1*x2*x4^2*x5,5,0.0,0.0
x2*x3,2,-0.0,-0.0
x4^3*x6^2,5,-0.0,-0.0
x4^4*x6,5,0.0,0.0
x1^2*x2,3,0.0,0.0
x2,1,0.0,0.0
x2*x6^4,5,0.0,0.0
x3^5,5,-0.0,-0.0
x3^4*x4,5,-0.0,-0.0
x3^4*x5,5,-0.0,-0.0
x3^4*x6,5,-0.0,-0.0
x1^2*x4*x5^2,5,-0.0,-0.0
x3^3*x4*x6,5,0.0,0.0
x3^3*x5^2,5,0.0,0.0
x3^3*x5*x6,5,0.0,0.0
x3^2*x4^3,5,-0.0,-0.0
x3^2*x4^2*x6,5,-0.0,-0.0
x3^2*x4*x5^2,5,-0.0,-0.0
x3^2*x4*x6^2,5,-0.0,-0.0
x3^2*x5^3,5,-0.0,-0.0
x3^2*x5*x6^2,5,-0.0,-0.0
x2*x3*x5^2*x6,5,-0.0,-0.0
x3^3*x4^2,5,-0.0,-0.0
x4^2*x5^3,5,-0.0,-0.0
x4*x5^3*x6,5,0.0,0.0
x4*x5^2*x6^2,5,0.0,0.0
x4*x6^4,5,0.0,0.0
x5^5,5,0.0,0.0
x5^2,2,0.0,0.0
x5*x6,2,0.0,0.0
x1^3,3,0.0,0.0
x1*x3,2,0.0,0.0
x3*x4^2*x6^2,5,0.0,0.0
x4*x6,2,0.0,0.0
x3*x4*x5^2*x6,5,-0.0,-0.0
x4,1,-0.0,-0.0
x5,1,-0.0,-0.0
x3*x4^2*x5^2,5,-0.0,-0.0
x6,1,-0.0,-0.0
x2*x4,2,-0.0,-0.0
x2*x5,2,0.0,0.0
x3^2,2,-0.0,-0.0
x4^2,2,0.0,0.0
x4*x5,2,-0.0,-0.0
x3*x4*x5^3,5,-0.0,-0.0
x2*x3*x4^2*x5,5,0.0,0.0
x2*x3*x4^2*x6,5,0.0,0.0
x2*x3*x4*x5^2,5,0.0,0.0
x2*x3*x4*x6^2,5,0.0,0.0
x2*x3*x5^3,5,0.0,0.0
x2^3*x6^2,5,0.0,0.0
x2^2*x3^3,5,0.0,0.0
x2^2*x3^2*x4,5,-0.0,-0.0
x2^2*x3^2*x5,5,-0.0,-0.0
x2^2*x3^2*x6,5,0.0,0.0
x2*x3*x5*x6^2,5,0.0,0.0
x2^2*x3*x4*x6,5,-0.0,-0.0
x2^2*x3*x5^2,5,0.0,0.0
x2^2*x3*x5*x6,5,0.0,0.0
x2^2*x3*x6^2,5,-0.0,-0.0
x2^2*x4^3,5,-0.0,-0.0
x2^2*x4^2*x6,5,-0.0,-0.0
x2^2*x4*x5*x6,5,-0.0,-0.0
x2^2*x4*x6^2,5,0.0,0.0
x2^2*x5^3,5,-0.0,-0.0
x1*x3*x5,3,-0.0,-0.0
x2^2*x3*x4^2,5,-0.0,-0.0
x2*x3*x6^3,5,0.0,0.0
x2*x4^4,5,-0.0,-0.0
x2*x4^3*x5,5,-0.0,-0.0
x2*x4^3*x6,5,-0.0,-0.0
x2*x4^2*x5^2,5,-0.0,-0.0
x2*x4^2*x6^2,5,0.0,0.0
x2*x4*x5^3,5,-0.0,-0.0
x2*x4*x5^2*x6,5,-0.0,-0.0
x2*x4*x5*x6^2,5,-0.0,-0.0
x2*x4*x6^3,5,-0.0,-0.0
x2*x3*x4^3,5,0.0,0.0
x2*x5^3*x6,5,0.0,0.0
x2*x5^2*x6^2,5,-0.0,-0.0
x2*x5*x6^3,5,0.0,0.0
x2^2*x5^2*x6,5,0.0,0.0
x2*x3^4,5,0.0,0.0
x2*x3^3*x4,5,0.0,0.0
x2*x3^3*x5,5,0.0,0.0
x2*x3^3*x6,5,0.0,0.0
x2*x3^2*x4*x6,5,-0.0,-0.0
x2*x3^2*x6^2,5,-0.0,-0.0
x2*x5^4,5,0.0,0.0
x2*x4^3,4,0.0,0.0
x2*x4^2*x6,4,0.0,0.0
x1*x3*x4*x5,4,-0.0,-0.0
x1*x3*x4*x6,4,-0.0,-0.0
x1*x3*x5*x6,4,-0.0,-0.0
x1*x4^3,4,-0.0,-0.0
x1*x4^2*x5,4,-0.0,-0.0
x1*x4^2*x6,4,0.0,0.0
x1*x4*x5^2,4,0.0,0.0
x1*x4*x6^2,4,0.0,0.0
x4*x5^4,5,-0.0,-0.0
x1*x5^2*x6,4,-0.0,-0.0
x1*x6^3,4,-0.0,-0.0
x2^4,4,0.0,0.0
x2^3*x4,4,0.0,0.0
x2^3*x5,4,0.0,0.0
x2^2*x3^2,4,0.0,0.0
x1*x2*x6^2,4,-0.0,-0.0
x1^2*x2^2,4,0.0,0.0
x1^2*x2*x4,4,-0.0,-0.0
x1^2*x2*x5,4,-0.0,-0.0
x1*x5^3,4,-0.0,-0.0
x4*x5*x6,3,0.0,0.0
x4*x6^2,3,0.0,0.0
x5^3,3,0.0,0.0
x5^2*x6,3,0.0,0.0
x5*x6^2,3,0.0,0.0
x6^3,3,-0.0,-0.0
x1^4,4,-0.0,-0.0
x1^3*x3,4,-0.0,-0.0
x1^3*x4,4,0.0,0.0
x2*x4*x6^2,4,0.0,0.0
x2*x3*x6^2,4,-0.0,-0.0
x2^2*x3*x5,4,0.0,0.0
x2^2*x3*x6,4,-0.0,-0.0
x2^2*x4^2,4,0.0,0.0
x2^2*x4*x5,4,0.0,0.0
x2^2*x4*x6,4,0.0,0.0
x2^2*x5*x6,4,0.0,0.0
x2^2*x6^2,4,0.0,0.0
x2*x3^2*x4,4,-0.0,-0.0
x2*x3*x4*x5,4,0.0,0.0
x2*x3*x4*x6,4,-0.0,-0.0
x2*x3*x5^2,4,-0.0,-0.0
x2^2*x3*x4,4,0.0,0.0
x1*x2*x5*x6,4,-0.0,-0.0
x5*x6^4,5,0.0,0.0
x1^2,2,0.0,0.0
x1^2*x3,3,0.0,0.0
x1^2*x4,3,-0.0,-0.0
x1^2*x5,3,-0.0,-0.0
x1*x2^2,3,0.0,0.0
x1*x2*x4,3,0.0,0.0
x1*x2*x5,3,0.0,0.0
x1*x2*x6,3,0.0,0.0
x1^2*x2*x6,4,-0.0,-0.0
x1*x3*x4,3,-0.0,-0.0
x3^2*x6^3,5,-0.0,-0.0
x3*x4^4,5,-0.0,-0.0
x1*x4,2,0.0,0.0
x1,1,0.0,0.0
x3*x4^2*x5*x6,5,0.0,0.0
x4^2*x6^3,5,0.0,0.0
x3*x4^3*x5,5,-0.0,-0.0
x3*x4^3*x6,5,0.0,0.0
x3*x4*x6^3,5,0.0,0.0
x5^3*x6^2,5,0.0,0.0
x1*x3^2,3,0.0,0.0
x1^2*x3*x6,4,-0.0,-0.0
x1^2*x4^2,4,0.0,0.0
x1^2*x4*x6,4,-0.0,-0.0
x1^2*x5^2,4,-0.0,-0.0
x1^2*x5*x6,4,0.0,0.0
x1*x3^2*x4,4,-0.0,-0.0
x1*x3^2*x5,4,-0.0,-0.0
x1*x3*x4^2,4,0.0,0.0
x3*x5^4,5,0.0,0.0
x3*x5^3*x6,5,-0.0,-0.0
x1*x2*x5^2,4,0.0,0.0
x3*x5*x6^3,5,-0.0,-0.0
x6^5,5,0.0,0.0
x1*x2^3,4,-0.0,-0.0
x1*x2^2*x3,4,0.0,0.0
x1*x2^2*x4,4,-0.0,-0.0
x1*x2^2*x6,4,-0.0,-0.0
x1*x2*x3*x4,4,-0.0,-0.0
x1*x2*x3*x6,4,0.0,0.0
x1*x2*x4^2,4,-0.0,-0.0
x1*x2*x4*x5,4,-0.0,-0.0
x1*x2*x4*x6,4,0.0,0.0
x3*x5^2*x6^2,5,-0.0,-0.0
x1^2*x3^2*x6,5,-0.0,-0.0
x1^2*x3*x4^2,5,0.0,0.0
x1^3*x6^2,5,0.0,0.0
x1^2*x2^3,5,0.0,0.0
x1^2*x2^2*x4,5,0.0,0.0
x1^2*x2^2*x5,5,-0.0,-0.0
x1^2*x2^2*x6,5,0.0,0.0
x1^2*x2*x3*x4,5,0.0,0.0
x1^2*x2*x3*x5,5,0.0,0.0
x1^2*x2*x3*x6,5,0.0,0.0
x4*x5^2,3,-0.0,-0.0
x1^2*x2*x4*x5,5,-0.0,-0.0
x1^2*x2*x5*x6,5,-0.0,-0.0
x1^2*x2*x6^2,5,-0.0,-0.0
x1^2*x3^3,5,0.0,0.0
x1^2*x3^2*x4,5,-0.0,-0.0
x2*x3*x6,3,0.0,0.0
x1^4*x3,5,0.0,0.0
x1^4*x4,5,-0.0,-0.0
x1^4*x5,5,-0.0,-0.0
x1^4*x6,5,-0.0,-0.0
x1^2*x2*x4^2,5,0.0,0.0
x1^2*x4*x6^2,5,0.0,0.0
x1^2*x5^3,5,0.0,0.0
x1^2*x5^2*x6,5,-0.0,-0.0
x1^2*x5*x6^2,5,0.0,0.0
x1^2*x6^3,5,-0.0,-0.0
x1*x2^4,5,0.0,0.0
x1*x2^3*x3,5,0.0,0.0
x1*x2^3*x4,5,-0.0,-0.0
x1*x2^3*x5,5,0.0,0.0
x2*x4^2,3,0.0,0.0
x3*x5*x6,3,-0.0,-0.0
x2*x5^2,3,0.0,0.0
x2*x5*x6,3,0.0,0.0
x2*x6^2,3,0.0,0.0
x3^3,3,-0.0,-0.0
x3^2*x4,3,-0.0,-0.0
x3^2*x5,3,-0.0,-0.0
x3^2*x6,3,-0.0,-0.0
x3*x4^2,3,-0.0,-0.0
x3*x4*x5,3,-0.0,-0.0
x3*x4*x6,3,0.0,0.0
x3*x5^2,3,-0.0,-0.0
x2*x4*x5,3,-0.0,-0.0
x5*x6^3,4,0.0,0.0
x1^5,5,0.0,0.0
x1^4*x2,5,0.0,0.0
x2*x5^2*x6,4,0.0,0.0
x2*x5*x6^2,4,-0.0,-0.0
x2*x6^3,4,0.0,0.0
x3^4,4,-0.0,-0.0
x3^3*x4,4,-0.0,-0.0
x3^3*x5,4,0.0,0.0
x3^3*x6,4,-0.0,-0.0
x1^3*x2^2,5,0.0,0.0
x3^2*x4*x6,4,0.0,0.0
x3^2*x5*x6,4,0.0,0.0
x3^2*x6^2,4,0.0,0.0
x3*x4^3,4,-0.0,-0.0
x3*x4^2*x5,4,0.0,0.0
x3*x4*x5^2,4,-0.0,-0.0
x3*x4*x6^2,4,-0.0,-0.0
x3*x5^3,4,0.0,0.0
x4^3,3,-0.0,-0.0
x4^2*x5,3,-0.0,-0.0
x4^2*x6,3,0.0,0.0
x3^2*x4*x5,4,-0.0,-0.0
x1^3*x2*x3,5,0.0,0.0
x1^3*x2*x4,5,0.0,0.0
x1^3*x2*x5,5,0.0,0.0
x1^3*x2*x6,5,0.0,0.0
x1^3*x3*x4,5,-0.0,-0.0
x1^3*x3*x5,5,-0.0,-0.0
x1^3*x3*x6,5,-0.0,-0.0
x1^3*x4*x5,5,-0.0,-0.0
x1^3*x4*x6,5,-0.0,-0.0
x1^3*x5^2,5,0.0,0.0
x5^2*x6^2,4,0.0,0.0
x3*x5^2*x6,4,-0.0,-0.0
x3*x5*x6^2,4,0.0,0.0
x3*x6^3,4,-0.0,-0.0
x4^4,4,0.0,0.0
x4^3*x5,4,-0.0,-0.0
x4^3*x6,4,0.0,0.0
x4^2*x6^2,4,0.0,0.0
x4*x5^3,4,-0.0,-0.0
x4*x5^2*x6,4,-0.0,-0.0
x4*x5*x6^2,4,-0.0,-0.0
x5^4,4,0.0,0.0
x1^3*x5*x6,5,-0.0,-0.0
